transaction_id,user_id,amount,merchant_category,timestamp,location,is_fraud,transaction_hour,day_of_week,is_high_risk_merchant,amount_log,amount_category,user_transaction_count,user_cumulative_amount,previous_transaction_time,minutes_since_last_transaction,rapid_transaction_flag,risk_score,risk_level
dbff9c66-8b72-48fb-ab99-fb89b9c747d3,USER1001,2370.77,fashion,2026-03-21 01:30:34.792783,Bangalore,False,1,Saturday,0,7.7713917908294,medium,1,2370.77,,999999.0,0,0,LOW
28ee2035-0b91-413c-bf78-d9b0c375d36d,USER1002,1952.36,healthcare,2026-04-23 23:45:34.786518,Bangalore,False,23,Thursday,0,7.577306245686896,medium,1,1952.36,,999999.0,0,0,LOW
5a0fe1e2-b1f7-4b1a-ad9d-62e158e41395,USER1004,4742.6,fashion,2026-04-23 12:39:34.790522,Chennai,False,12,Thursday,0,8.46455162009064,medium,1,4742.6,,999999.0,0,0,LOW
e0941273-65b2-44eb-a54c-9c558c2f7267,USER1013,896.68,restaurant,2026-04-02 09:03:34.789532,Delhi,False,9,Thursday,0,6.79981365735661,low,1,896.68,,999999.0,0,0,LOW
2b82fea5-1c02-435a-979b-1db750289ed6,USER1027,1801.3,grocery,2026-04-14 00:06:34.797366,Chennai,False,0,Tuesday,0,7.49681890599876,medium,1,1801.3,,999999.0,0,0,LOW
e23f6c38-a2ea-4cf7-85f6-441fde1ba932,USER1038,88794.99,electronics,2026-03-27 19:26:34.797551,Unknown,True,19,Friday,1,11.394096770302966,very_high,1,88794.99,,999999.0,0,45,MEDIUM
52360a14-4f56-4d88-9765-2dc680da3cca,USER1046,2497.81,electronics,2026-03-10 17:52:34.788656,Bangalore,False,17,Tuesday,1,7.823569897532329,medium,1,2497.81,,999999.0,0,25,LOW
06f9c642-f21d-4064-afb9-ae48826e6174,USER1047,432.05,travel,2026-05-04 13:53:34.792260,Chennai,False,13,Monday,0,6.070853194777054,low,1,432.05,,999999.0,0,0,LOW
2bfe140c-83af-4645-9c52-ea065d14b0c5,USER1052,2332.55,fashion,2026-05-13 16:43:34.787201,Pune,False,16,Wednesday,0,7.75514599220124,medium,1,2332.55,,999999.0,0,0,LOW
ad0518c4-e9ef-4efc-9970-d4458922cdeb,USER1056,1804.83,grocery,2026-05-03 11:14:34.796704,Pune,False,11,Sunday,0,7.498775598870835,medium,1,1804.83,,999999.0,0,0,LOW
4d2fc3e1-a2c0-41ca-b67f-ba2622852f20,USER1062,2245.33,healthcare,2026-04-22 13:05:34.791303,Kolkata,False,13,Wednesday,0,7.717053052377317,medium,1,2245.33,,999999.0,0,0,LOW
a5775471-0409-48bc-b111-f35865b455bf,USER1068,140494.08,crypto,2026-04-18 22:17:34.798823,Unknown,True,22,Saturday,1,11.852927749349206,very_high,1,140494.08,,999999.0,0,85,HIGH
edf6ec25-4658-4386-b66d-7c15147a57e7,USER1080,3671.98,restaurant,2026-04-15 22:40:34.793814,Hyderabad,False,22,Wednesday,0,8.20875860066463,medium,1,3671.98,,999999.0,0,0,LOW
cd202bb3-60d8-45c7-83fd-232e355a203d,USER1085,1139.54,travel,2026-03-06 12:12:34.787561,Pune,False,12,Friday,0,7.0392571134461175,medium,1,1139.54,,999999.0,0,0,LOW
250096a9-4afa-4d67-b528-2109d86fbf6a,USER1089,2096.05,fashion,2026-05-14 01:55:34.785335,Hyderabad,False,1,Thursday,0,7.648286874203742,medium,1,2096.05,,999999.0,0,0,LOW
16287d5d-e25f-487a-9e36-b68da38246cb,USER1102,2046.93,crypto,2026-03-08 12:18:34.796154,Pune,False,12,Sunday,1,7.62458480588776,medium,1,2046.93,,999999.0,0,25,LOW
5d2d54fd-9dd9-43bd-ac64-a8a2c304bc42,USER1103,130642.37,electronics,2026-05-02 01:24:34.799403,Unknown,True,1,Saturday,1,11.780226523392466,very_high,1,130642.37,,999999.0,0,85,HIGH
9ac88706-b7de-4d19-bad9-8a63350248e4,USER1129,813.04,fashion,2026-04-14 08:32:34.788836,Kolkata,False,8,Tuesday,0,6.702009504844348,low,1,813.04,,999999.0,0,0,LOW
fae4278a-5f65-4c2c-b4af-3c5376fde381,USER1132,3892.01,healthcare,2026-04-06 20:10:34.789055,Bangalore,False,20,Monday,0,8.26693791632023,medium,1,3892.01,,999999.0,0,0,LOW
4f26adff-390d-4495-a7ea-9bd66531d99a,USER1137,851.5,travel,2026-03-17 14:34:34.796666,Hyderabad,False,14,Tuesday,0,6.748173209157672,low,1,851.5,,999999.0,0,0,LOW
b7ebbfb2-dffd-4d39-8728-529c09336f57,USER1145,4646.57,gaming,2026-05-05 09:49:34.788620,Unknown,False,9,Tuesday,1,8.444099781343386,medium,1,4646.57,,999999.0,0,45,MEDIUM
17d0106a-1c6a-436a-b1f2-b82eef95d0ef,USER1147,961.16,electronics,2026-04-24 14:44:34.786803,Hyderabad,False,14,Friday,1,6.869180757002361,low,1,961.16,,999999.0,0,25,LOW
afb8f515-69fa-463a-b059-ae02f190050d,USER1161,96661.6,gaming,2026-03-10 05:20:34.800433,Unknown,True,5,Tuesday,1,11.478981843444108,very_high,1,96661.6,,999999.0,0,45,MEDIUM
47271047-38ec-441f-93a3-c527089324bf,USER1170,930.81,restaurant,2026-03-09 00:03:34.793447,Mumbai,False,0,Monday,0,6.83712893124183,low,1,930.81,,999999.0,0,0,LOW
e3cc3672-c71e-49f8-9c4d-e052f0c3fadf,USER1182,3305.41,fashion,2026-04-10 19:11:34.793201,Bangalore,False,19,Friday,0,8.103618287630404,medium,1,3305.41,,999999.0,0,0,LOW
3c536e1e-aff4-4ea4-b3a6-eb9dd90c4f94,USER1191,146226.75,gaming,2026-03-12 22:40:34.797932,Unknown,True,22,Thursday,1,11.892920616767997,very_high,1,146226.75,,999999.0,0,85,HIGH
b784f22d-8724-4d00-b64f-4d00c26a1ef5,USER1197,1550.39,travel,2026-04-05 04:53:34.790447,Mumbai,False,4,Sunday,0,7.346906582245099,medium,1,1550.39,,999999.0,0,0,LOW
1a2c1523-01d6-49fd-86ef-6399066ca9e3,USER1210,2357.46,crypto,2026-03-18 15:00:34.788427,Mumbai,False,15,Wednesday,1,7.765764142648335,medium,1,2357.46,,999999.0,0,25,LOW
24f5afbf-517e-4e96-b124-21ba45c3c77d,USER1212,2161.26,gaming,2026-03-31 02:17:34.787109,Pune,False,2,Tuesday,1,7.678909249988044,medium,1,2161.26,,999999.0,0,25,LOW
d32343b9-9e45-4a37-a527-cdcae7486f2d,USER1227,4184.02,grocery,2026-03-26 12:40:34.792966,Hyderabad,False,12,Thursday,0,8.339266761884678,medium,1,4184.02,,999999.0,0,0,LOW
9d576244-d526-4290-a100-63145de1374e,USER1233,1516.17,grocery,2026-04-23 00:26:34.791599,Delhi,False,0,Thursday,0,7.324602036352706,medium,1,1516.17,,999999.0,0,0,LOW
7d221bd6-453c-4486-ba85-28ef70c47eae,USER1233,83.64,electronics,2026-04-25 20:04:34.794438,Pune,False,20,Saturday,1,4.438406968109989,low,2,1599.8100000000002,2026-04-23 00:26:34.791599,4058.0000473166665,0,25,LOW
449a78b4-4c9a-4438-8d8a-60307c5b4ce6,USER1282,1260.84,gaming,2026-03-21 06:54:34.794385,Hyderabad,False,6,Saturday,1,7.140326252179219,medium,1,1260.84,,999999.0,0,25,LOW
ad1e31a9-594e-4551-a01a-d10a6565623d,USER1289,4315.86,crypto,2026-03-11 20:08:34.788128,Chennai,False,20,Wednesday,1,8.370283565101426,medium,1,4315.86,,999999.0,0,25,LOW
a3f04ba4-adf6-4b2f-8d21-fa39ed3aeaa6,USER1320,4351.96,restaurant,2026-03-21 23:33:34.787007,Bangalore,False,23,Saturday,0,8.378611352445064,medium,1,4351.96,,999999.0,0,0,LOW
23b655aa-eb06-462c-8609-09f198f66b11,USER1322,4341.76,gaming,2026-03-06 09:56:34.792091,Bangalore,False,9,Friday,1,8.37626536966777,medium,1,4341.76,,999999.0,0,25,LOW
1a8f691b-fb16-4308-b9df-620252091de7,USER1335,1780.27,gaming,2026-03-24 12:08:34.796359,Delhi,False,12,Tuesday,1,7.485081872024102,medium,1,1780.27,,999999.0,0,25,LOW
eeaf5f7e-a732-4239-af50-efee20d830c1,USER1335,199.17,crypto,2026-04-23 03:22:34.788171,Mumbai,False,3,Thursday,1,5.299167005502614,low,2,1979.44,2026-03-24 12:08:34.796359,42673.99986353333,0,25,LOW
69bedd09-399e-41d1-9224-7911dadf97c9,USER1349,1472.85,travel,2026-04-07 05:26:34.793607,Hyderabad,False,5,Tuesday,0,7.29563330366325,medium,1,1472.85,,999999.0,0,0,LOW
dae1ae82-0370-4055-991b-8f46212ede97,USER1365,1283.33,healthcare,2026-05-04 03:56:34.787376,Mumbai,False,3,Monday,0,7.157992460574457,medium,1,1283.33,,999999.0,0,0,LOW
fd179d93-6ede-402e-979d-558ecd17f7c4,USER1371,185682.21,gaming,2026-05-05 15:28:34.798451,Unknown,True,15,Tuesday,1,12.131797328605868,very_high,1,185682.21,,999999.0,0,85,HIGH
6d9c428d-9c97-4055-b8a1-efba18322500,USER1413,2563.02,gaming,2026-04-07 08:31:34.792327,Mumbai,False,8,Tuesday,1,7.849331618322151,medium,1,2563.02,,999999.0,0,25,LOW
e6e08e3e-9cf0-4bd0-a154-455516ea682e,USER1413,62100.98,crypto,2026-05-03 23:01:34.797823,Unknown,True,23,Sunday,1,11.036533151471255,very_high,2,64664.0,2026-04-07 08:31:34.792327,38310.0000916,0,45,MEDIUM
c44390ec-4661-4615-932a-0b19da00f9ed,USER1418,1734.32,electronics,2026-04-20 13:25:34.788583,Bangalore,False,13,Monday,1,7.458947113414701,medium,1,1734.32,,999999.0,0,25,LOW
1edb3d26-74a4-4694-8acd-6ec0769cf81b,USER1419,140469.24,crypto,2026-05-07 06:44:34.799133,Unknown,True,6,Thursday,1,11.852750930373364,very_high,1,140469.24,,999999.0,0,85,HIGH
d150249b-7602-4464-bc02-89e058053f9c,USER1435,4156.49,travel,2026-05-09 11:01:34.787019,Kolkata,False,11,Saturday,0,8.332666805772549,medium,1,4156.49,,999999.0,0,0,LOW
0a4a6a33-0da7-4ac5-90f2-06e09e0f2f95,USER1444,119.74,fashion,2026-04-18 22:46:34.788209,Chennai,False,22,Saturday,0,4.79363947336828,low,1,119.74,,999999.0,0,0,LOW
c63a9ad7-9113-464a-8bc3-cb490e85c343,USER1474,137445.26,gaming,2026-04-20 12:37:34.798359,Unknown,True,12,Monday,1,11.830988283328688,very_high,1,137445.26,,999999.0,0,85,HIGH
2d5b5c30-0d2c-4213-a860-b5b62d1b9f14,USER1491,4125.66,crypto,2026-05-12 00:56:34.790864,Kolkata,False,0,Tuesday,1,8.325223642060287,medium,1,4125.66,,999999.0,0,25,LOW
9f436797-bf3c-4124-adb6-7c064612ed92,USER1501,3787.38,restaurant,2026-03-28 15:10:34.790302,Kolkata,False,15,Saturday,0,8.23969376606444,medium,1,3787.38,,999999.0,0,0,LOW
32271320-c16c-47ee-ad65-722e66cc5ab3,USER1509,1859.18,restaurant,2026-03-27 02:00:34.789731,Pune,False,2,Friday,0,7.528428536218475,medium,1,1859.18,,999999.0,0,0,LOW
ec47d54b-1c4d-4df9-a5f2-990dd091d871,USER1512,4425.37,gaming,2026-03-12 03:56:34.796598,Unknown,False,3,Thursday,1,8.395335114044215,medium,1,4425.37,,999999.0,0,45,MEDIUM
c415fe72-de4c-41aa-a750-ae7a561d8fcd,USER1520,1448.4,electronics,2026-04-28 09:44:34.788464,Delhi,False,9,Tuesday,1,7.278904956675181,medium,1,1448.4,,999999.0,0,25,LOW
62f7e12b-06f3-4cc4-91cb-931adbe72092,USER1521,1804.66,gaming,2026-05-05 09:11:34.796088,Bangalore,False,9,Tuesday,1,7.498681454902486,medium,1,1804.66,,999999.0,0,25,LOW
845234bd-578a-44b6-acee-57fe76c7c126,USER1526,4695.87,healthcare,2026-05-11 18:46:34.796062,Bangalore,False,18,Monday,0,8.45465160840318,medium,1,4695.87,,999999.0,0,0,LOW
fd8da311-a3ea-4719-8f86-b3f538137bce,USER1538,2984.13,grocery,2026-03-29 21:17:34.787490,Pune,False,21,Sunday,0,8.001398575967158,medium,1,2984.13,,999999.0,0,0,LOW
32c9920a-b57e-470e-84b8-75a082cdc2b0,USER1539,552.09,crypto,2026-03-30 16:49:34.795838,Chennai,False,16,Monday,1,6.315520736923973,low,1,552.09,,999999.0,0,25,LOW
44dd05a1-2b34-4b0c-b56b-594ef1e21ac7,USER1576,3314.55,crypto,2026-03-23 03:04:34.788026,Chennai,False,3,Monday,1,8.106378801376858,medium,1,3314.55,,999999.0,0,25,LOW
26c0134b-dbdd-4d0c-8b1f-d6f597883615,USER1583,2036.15,healthcare,2026-04-27 02:05:34.796178,Unknown,False,2,Monday,0,7.619307051218187,medium,1,2036.15,,999999.0,0,20,LOW
f18152d7-3f78-4650-a9e5-06685d188461,USER1593,1366.3,fashion,2026-05-03 11:24:34.791479,Unknown,False,11,Sunday,0,7.220593271315036,medium,1,1366.3,,999999.0,0,20,LOW
ac6b0409-28cb-4ebe-a7da-070f1a58b249,USER1605,2566.63,travel,2026-04-22 05:15:34.796140,Chennai,False,5,Wednesday,0,7.850738573432303,medium,1,2566.63,,999999.0,0,0,LOW
936e92a4-6884-4fb4-8f79-33720601338c,USER1612,164066.11,electronics,2026-03-22 04:04:34.800289,Unknown,True,4,Sunday,1,12.008030830420928,very_high,1,164066.11,,999999.0,0,85,HIGH
e0429f40-6bf3-4211-911d-3b910a49eb4d,USER1615,721.75,grocery,2026-03-09 11:59:34.795473,Pune,False,11,Monday,0,6.583063380896456,low,1,721.75,,999999.0,0,0,LOW
86f5cba5-dbab-4bff-a7fd-0dcc2c46c1b1,USER1615,85.62,grocery,2026-04-25 01:52:34.793535,Pune,False,1,Saturday,0,4.46153073578648,low,2,807.37,2026-03-09 11:59:34.795473,67072.9999677,0,0,LOW
0c61ad8a-1f66-4fed-9225-770716e46cab,USER1657,2010.66,healthcare,2026-05-14 09:04:34.794039,Unknown,False,9,Thursday,0,7.606715530856374,medium,1,2010.66,,999999.0,0,20,LOW
a9f71fd5-da85-4f47-a878-70436a52323c,USER1662,98927.79,gaming,2026-04-10 04:40:34.798117,Unknown,True,4,Friday,1,11.502155577372156,very_high,1,98927.79,,999999.0,0,45,MEDIUM
a248be99-f40d-4017-80e3-194c8ac9918b,USER1687,3508.11,fashion,2026-03-20 00:02:34.789297,Kolkata,False,0,Friday,0,8.16311772305426,medium,1,3508.11,,999999.0,0,0,LOW
b652e4b0-5b7c-4a4b-a8cb-706bf9f53964,USER1692,68012.98,crypto,2026-04-29 04:15:34.798745,Unknown,True,4,Wednesday,1,11.127468551263172,very_high,1,68012.98,,999999.0,0,45,MEDIUM
79ea3827-2493-42bb-a3a2-bab8ea122fdb,USER1696,1589.21,restaurant,2026-04-28 10:29:34.795850,Mumbai,False,10,Tuesday,0,7.371621361964778,medium,1,1589.21,,999999.0,0,0,LOW
2cc6ffdc-b283-48a0-90f1-c365f0d2c80c,USER1701,3937.93,fashion,2026-03-24 18:57:34.792991,Chennai,False,18,Tuesday,0,8.27866439180513,medium,1,3937.93,,999999.0,0,0,LOW
0d318b1d-14be-400d-bf8b-498f675a6a6f,USER1711,54.86,crypto,2026-04-02 07:25:34.791340,Hyderabad,False,7,Thursday,1,4.022848560517031,low,1,54.86,,999999.0,0,25,LOW
2ae07f5b-1286-48b8-a25e-031b76b73254,USER1712,124021.32,electronics,2026-03-09 08:45:34.799605,Unknown,True,8,Monday,1,11.728216828389115,very_high,1,124021.32,,999999.0,0,85,HIGH
73407dd7-9f48-4da4-b055-a53e424427f0,USER1719,73264.24,electronics,2026-04-10 17:28:34.800214,Unknown,True,17,Friday,1,11.201841559846464,very_high,1,73264.24,,999999.0,0,45,MEDIUM
d540a81f-5750-4391-b89a-1b7cbfa65c1c,USER1725,2151.0,fashion,2026-03-25 18:36:34.796322,Mumbai,False,18,Wednesday,0,7.674152921281675,medium,1,2151.0,,999999.0,0,0,LOW
d98a87c4-9d39-4ff4-ad8a-5dcea23d45b3,USER1728,3973.92,fashion,2026-05-08 08:19:34.793382,Unknown,False,8,Friday,0,8.287759901099742,medium,1,3973.92,,999999.0,0,20,LOW
f7a44c8a-8621-4484-82b9-d5c9d6e730d8,USER1729,72911.86,electronics,2026-05-06 16:29:34.800305,Unknown,True,16,Wednesday,1,11.1970203084747,very_high,1,72911.86,,999999.0,0,45,MEDIUM
f69c48e7-3f78-47f5-b60b-df2d355e3240,USER1741,2440.73,crypto,2026-03-21 18:14:34.786919,Chennai,False,18,Saturday,1,7.800462083447313,medium,1,2440.73,,999999.0,0,25,LOW
7775aa09-6536-4099-8f62-6064fe03497e,USER1741,4505.55,healthcare,2026-03-30 12:02:34.793158,Unknown,False,12,Monday,0,8.413287173019793,medium,2,6946.280000000001,2026-03-21 18:14:34.786919,12588.000103983331,0,20,LOW
0f65215a-afc7-4a59-b71a-4de1d9b5ebbb,USER1746,644.04,healthcare,2026-04-13 21:57:34.791237,Hyderabad,False,21,Monday,0,6.469312330376766,low,1,644.04,,999999.0,0,0,LOW
d53dc951-7aa5-4cbc-977c-243d7e6ea511,USER1747,1924.28,crypto,2026-04-14 10:07:34.791771,Delhi,False,10,Tuesday,1,7.562826690689852,medium,1,1924.28,,999999.0,0,25,LOW
496dc2a7-b25f-4939-be66-371fdf433a8c,USER1749,154579.64,electronics,2026-04-20 02:53:34.798330,Unknown,True,2,Monday,1,11.948471180903294,very_high,1,154579.64,,999999.0,0,85,HIGH
a157319e-4f40-4b00-93e5-21de1281003c,USER1759,841.03,electronics,2026-04-18 08:21:34.795207,Chennai,False,8,Saturday,1,6.735815643061295,low,1,841.03,,999999.0,0,25,LOW
ff607d31-b93b-434f-9a61-919e3c142d41,USER1761,4509.13,electronics,2026-03-09 07:26:34.789005,Hyderabad,False,7,Monday,1,8.414081256914999,medium,1,4509.13,,999999.0,0,25,LOW
43248c43-98dc-4eec-8ad3-44aab063fbd4,USER1763,2229.09,fashion,2026-03-29 05:03:34.790941,Pune,False,5,Sunday,0,7.709797222384167,medium,1,2229.09,,999999.0,0,0,LOW
7dc515d4-916e-4ab2-8894-2b7333ad05eb,USER1766,4589.47,electronics,2026-05-05 15:23:34.794491,Mumbai,False,15,Tuesday,1,8.431737694326587,medium,1,4589.47,,999999.0,0,25,LOW
4975c4cd-ff66-4f1e-a8b9-a341965e5580,USER1772,4300.0,travel,2026-04-05 03:18:34.795096,Bangalore,False,3,Sunday,0,8.366602832783736,medium,1,4300.0,,999999.0,0,0,LOW
147f01eb-199e-401f-a40b-68bd461e3258,USER1775,4686.94,fashion,2026-04-19 05:22:34.792613,Hyderabad,False,5,Sunday,0,8.452748532540133,medium,1,4686.94,,999999.0,0,0,LOW
836ab6aa-ef06-4549-ac00-bf6112de87cb,USER1797,1551.49,travel,2026-05-05 09:34:34.788570,Pune,False,9,Tuesday,0,7.347615372563056,medium,1,1551.49,,999999.0,0,0,LOW
0c2900fb-df04-47e6-9ac3-2deaed090155,USER1818,1442.54,travel,2026-03-09 05:08:34.796561,Mumbai,False,5,Monday,0,7.274853709145111,medium,1,1442.54,,999999.0,0,0,LOW
1954c920-cad1-47b8-bbbe-fb79eda300a9,USER1835,116371.28,electronics,2026-04-17 05:46:34.799059,Unknown,True,5,Friday,1,11.664549641588714,very_high,1,116371.28,,999999.0,0,85,HIGH
154e4237-8ca0-43a1-97f4-a820c76bd103,USER1853,2420.42,crypto,2026-04-30 14:00:34.788669,Unknown,False,14,Thursday,1,7.792109423924009,medium,1,2420.42,,999999.0,0,45,MEDIUM
06967c94-6902-4a85-8608-0e301ffb9597,USER1859,3538.52,crypto,2026-05-14 00:31:34.793213,Bangalore,False,0,Thursday,1,8.17174640371389,medium,1,3538.52,,999999.0,0,25,LOW
738a9a5a-a924-4c2d-9728-ac608865d861,USER1863,1470.86,healthcare,2026-03-29 00:04:34.790802,Pune,False,0,Sunday,0,7.294282186070051,medium,1,1470.86,,999999.0,0,0,LOW
1aac4c48-4ee1-4296-b460-ea6761668024,USER1869,1588.49,fashion,2026-05-06 07:14:34.792926,Kolkata,False,7,Wednesday,0,7.371168489044499,medium,1,1588.49,,999999.0,0,0,LOW
eb984681-a5aa-446a-afd1-10dedd55090d,USER1902,129690.92,electronics,2026-04-27 12:11:34.798542,Unknown,True,12,Monday,1,11.77291707075409,very_high,1,129690.92,,999999.0,0,85,HIGH
02039d64-8c65-42a0-8aee-a901e4c75411,USER1904,67836.82,gaming,2026-04-03 21:44:34.799493,Unknown,True,21,Friday,1,11.1248751355155,very_high,1,67836.82,,999999.0,0,45,MEDIUM
0a928f8f-e7ac-4fc9-b085-3d427f7d56bd,USER1921,4113.59,grocery,2026-04-05 21:09:34.790790,Pune,False,21,Sunday,0,8.322294472667275,medium,1,4113.59,,999999.0,0,0,LOW
ceb8cd98-a547-4d6d-b0f1-8abba4770cb9,USER1921,3210.75,gaming,2026-04-21 17:40:34.788746,Hyderabad,False,17,Tuesday,1,8.07457123891172,medium,2,7324.34,2026-04-05 21:09:34.790790,22830.999965933333,0,25,LOW
1f4108f7-1f28-4029-9f5e-b5b582eddc3a,USER1922,2641.22,healthcare,2026-03-24 23:41:34.791718,Kolkata,False,23,Tuesday,0,7.879374751865306,medium,1,2641.22,,999999.0,0,0,LOW
7fb66e51-9edf-496b-8002-f6b7a376149e,USER1927,2777.89,gaming,2026-04-07 19:00:34.786958,Hyderabad,False,19,Tuesday,1,7.929806846375429,medium,1,2777.89,,999999.0,0,25,LOW
122c548d-37db-4f72-b0e0-8f2071778ac0,USER1938,158297.15,electronics,2026-04-21 19:52:34.798672,Unknown,True,19,Tuesday,1,11.972235559129937,very_high,1,158297.15,,999999.0,0,85,HIGH
9b540a98-0a3a-40ba-ad74-e34c4ef7eb4d,USER1939,2485.62,fashion,2026-04-23 16:43:34.796234,Unknown,False,16,Thursday,0,7.818679637597567,medium,1,2485.62,,999999.0,0,20,LOW
965fa26a-8ce2-4e85-aa03-d47b05c93a32,USER1940,3041.21,fashion,2026-03-07 14:56:34.795663,Hyderabad,False,14,Saturday,0,8.020339503967106,medium,1,3041.21,,999999.0,0,0,LOW
2a59d1c4-2dd3-4685-9ff9-8986a27da203,USER1942,498.16,crypto,2026-04-25 22:06:34.787056,Pune,False,22,Saturday,1,6.212926685639654,low,1,498.16,,999999.0,0,25,LOW
8dbef333-7a1f-4366-8f35-afb774cf009c,USER1951,4992.76,healthcare,2026-04-22 12:07:34.789103,Mumbai,False,12,Wednesday,0,8.515944412015708,medium,1,4992.76,,999999.0,0,0,LOW
6ca4213d-9b93-449c-a8dc-5595ae4b860f,USER1956,3197.68,healthcare,2026-04-20 05:13:34.790475,Unknown,False,5,Monday,0,8.07049350368629,medium,1,3197.68,,999999.0,0,20,LOW
8b313f21-465a-487a-bfed-6e7e914982a4,USER1981,59152.3,gaming,2026-05-04 19:25:34.799256,Unknown,True,19,Monday,1,10.987887658213792,very_high,1,59152.3,,999999.0,0,45,MEDIUM
0a878d99-2519-4bfa-8117-01e5966a0733,USER1991,1738.24,healthcare,2026-03-23 05:38:34.792042,Bangalore,False,5,Monday,0,7.461203515182507,medium,1,1738.24,,999999.0,0,0,LOW
0385e96e-abe2-4cc6-9bbf-b6fca04f794f,USER1996,107410.5,gaming,2026-04-01 01:40:34.800170,Unknown,True,1,Wednesday,1,11.584422531674733,very_high,1,107410.5,,999999.0,0,85,HIGH
96a9dc99-9995-4148-a1dc-5aedbf6e4992,USER2005,1508.42,gaming,2026-04-09 19:58:34.788942,Mumbai,False,19,Thursday,1,7.319480750061115,medium,1,1508.42,,999999.0,0,25,LOW
f2aab002-765e-4421-a0fa-784df3b07405,USER2009,126944.15,crypto,2026-03-14 23:27:34.800232,Unknown,True,23,Saturday,1,11.751510382385703,very_high,1,126944.15,,999999.0,0,85,HIGH
35707d7d-e771-4290-8247-6d2aec81a31b,USER2028,636.95,restaurant,2026-04-14 16:55:34.791006,Bangalore,False,16,Tuesday,0,6.458259910367753,low,1,636.95,,999999.0,0,0,LOW
8b0d8602-75ac-4fdc-8fc0-31b989ad70f4,USER2039,160291.11,electronics,2026-03-13 09:28:34.799814,Unknown,True,9,Friday,1,11.984753117174188,very_high,1,160291.11,,999999.0,0,85,HIGH
25e4df18-fbe2-4767-ba58-bfcdf5c3ab35,USER2043,3735.3,gaming,2026-04-23 09:12:34.790142,Kolkata,False,9,Thursday,1,8.225851095910745,medium,1,3735.3,,999999.0,0,25,LOW
92c5d471-b7f9-4c44-a3ee-8bbeb65b6412,USER2044,906.59,grocery,2026-04-24 08:12:34.796423,Pune,False,8,Friday,0,6.810792734775353,low,1,906.59,,999999.0,0,0,LOW
313b38dd-ab27-4f18-b41d-0d15743a54e1,USER2045,1361.94,fashion,2026-04-17 11:20:34.793083,Chennai,False,11,Friday,0,7.21739941018468,medium,1,1361.94,,999999.0,0,0,LOW
fa26f8a4-12c0-45bb-835e-5cbd2c0d85dc,USER2047,2862.76,fashion,2026-03-31 19:47:34.787990,Pune,False,19,Tuesday,0,7.959890725686532,medium,1,2862.76,,999999.0,0,0,LOW
b95ddf68-cff9-4e94-a5bf-8b81973cf081,USER2049,4295.56,crypto,2026-04-05 22:06:34.787306,Chennai,False,22,Sunday,1,8.365569981510884,medium,1,4295.56,,999999.0,0,25,LOW
c4bd35ec-7389-4f73-9bac-ca5b3aaa9e76,USER2052,190612.9,gaming,2026-03-29 11:15:34.798658,Unknown,True,11,Sunday,1,12.158005195140213,very_high,1,190612.9,,999999.0,0,85,HIGH
93c12103-5993-498f-87df-f28fefc2393f,USER2071,1028.67,fashion,2026-05-10 08:19:34.789847,Pune,False,8,Sunday,0,6.936993641538854,medium,1,1028.67,,999999.0,0,0,LOW
22a10254-049f-48ac-9cb7-3845b8bfeabd,USER2075,1669.85,electronics,2026-04-05 05:31:34.795367,Kolkata,False,5,Sunday,1,7.421087757959309,medium,1,1669.85,,999999.0,0,25,LOW
b41e481d-d3e0-41b9-8799-deed021f92fd,USER2082,1761.1,restaurant,2026-05-03 09:33:34.797164,Unknown,False,9,Sunday,0,7.4742615585746845,medium,1,1761.1,,999999.0,0,20,LOW
fd6bf748-916c-4c99-aff1-2ceb38973592,USER2095,521.41,restaurant,2026-03-12 09:06:34.786740,Mumbai,False,9,Thursday,0,6.258452720198609,low,1,521.41,,999999.0,0,0,LOW
80cec97b-ff7c-4d71-afe3-24e505cc6c22,USER2095,1174.6,grocery,2026-04-24 17:07:34.795147,Unknown,False,17,Friday,0,7.069533934544762,medium,2,1696.0099999999998,2026-03-12 09:06:34.786740,62401.00014011667,0,20,LOW
8f109bb4-149c-486e-9b70-d71ba3f1849b,USER2103,450.16,grocery,2026-03-25 18:03:34.793499,Delhi,False,18,Wednesday,0,6.111822043771716,low,1,450.16,,999999.0,0,0,LOW
d2f37e36-c621-4a04-8c3a-41a893db8918,USER2106,130676.41,crypto,2026-04-12 06:27:34.800545,Unknown,True,6,Sunday,1,11.780487046112416,very_high,1,130676.41,,999999.0,0,85,HIGH
344a9187-d5eb-43e4-9c4c-62da2bb93054,USER2149,3195.17,restaurant,2026-04-30 04:07:34.794707,Delhi,False,4,Thursday,0,8.06970849696091,medium,1,3195.17,,999999.0,0,0,LOW
1a795e39-37a7-4f72-b47d-d3aefd6d1706,USER2158,2252.11,travel,2026-04-15 05:27:34.790180,Unknown,False,5,Wednesday,0,7.720066763030903,medium,1,2252.11,,999999.0,0,20,LOW
6fddf06a-2ea4-41b9-9269-c698bc14e0bd,USER2166,3139.88,fashion,2026-05-01 03:19:34.792512,Kolkata,False,3,Friday,0,8.052258294415335,medium,1,3139.88,,999999.0,0,0,LOW
f44004ca-bc8b-404e-bbba-e1f4c1620e1a,USER2172,171.67,fashion,2026-04-09 04:29:34.787965,Unknown,False,4,Thursday,0,5.151382258424339,low,1,171.67,,999999.0,0,20,LOW
b36c7700-aea4-465d-90c4-73d64a7e6376,USER2172,3036.61,electronics,2026-04-23 20:18:34.789836,Kolkata,False,20,Thursday,1,8.018826300984863,medium,2,3208.28,2026-04-09 04:29:34.787965,21109.000031183336,0,25,LOW
fe8e2a53-deb2-4dc1-b239-019117988cd8,USER2175,4477.62,gaming,2026-03-09 03:33:34.787044,Delhi,False,3,Monday,1,8.407070242242,medium,1,4477.62,,999999.0,0,25,LOW
b36ab7f6-4664-4ef9-a824-fd39f375efd1,USER2195,3135.2,electronics,2026-04-24 02:42:34.787477,Unknown,False,2,Friday,1,8.05076715494693,medium,1,3135.2,,999999.0,0,45,MEDIUM
91a2ea48-b917-4a08-8032-228055449257,USER2201,1240.06,gaming,2026-04-25 13:01:34.787068,Pune,False,13,Saturday,1,7.123721132142241,medium,1,1240.06,,999999.0,0,25,LOW
6e5eaf24-b17e-4289-89fe-244e81d97593,USER2209,3814.23,travel,2026-04-24 04:30:34.787080,Hyderabad,False,4,Friday,0,8.246756230236807,medium,1,3814.23,,999999.0,0,0,LOW
db464900-5b14-4bd3-a17d-2f12e9aae36c,USER2209,3395.51,healthcare,2026-04-27 00:44:34.792850,Delhi,False,0,Monday,0,8.130503712834294,medium,2,7209.74,2026-04-24 04:30:34.787080,4094.0000961666665,0,0,LOW
281a3e7e-a3b4-4a3b-be15-91fae5714024,USER2227,289.55,fashion,2026-03-29 08:33:34.790460,Chennai,False,8,Sunday,0,5.671775678521114,low,1,289.55,,999999.0,0,0,LOW
930b35ad-2175-4473-b01c-9ea9cf239c8a,USER2246,1208.44,gaming,2026-05-05 10:58:34.795595,Unknown,False,10,Tuesday,1,7.097912721543866,medium,1,1208.44,,999999.0,0,45,MEDIUM
77c93aa5-219a-48e9-b180-c9b61d196748,USER2258,126375.8,electronics,2026-04-05 20:48:34.798436,Unknown,True,20,Sunday,1,11.74702319954478,very_high,1,126375.8,,999999.0,0,85,HIGH
08b27b6f-e6bd-4ffc-b7ff-428c6c49f06a,USER2268,598.66,grocery,2026-04-08 16:37:34.795354,Kolkata,False,16,Wednesday,0,6.396362827933244,low,1,598.66,,999999.0,0,0,LOW
b357345a-554a-4927-9052-c03832642b55,USER2272,3957.55,restaurant,2026-04-02 07:33:34.790700,Mumbai,False,7,Thursday,0,8.283633075578832,medium,1,3957.55,,999999.0,0,0,LOW
76ec5b84-ccda-4f06-93d4-fb0ff7194b7b,USER2276,3847.37,electronics,2026-04-04 00:52:34.795862,Chennai,False,0,Saturday,1,8.255404961009265,medium,1,3847.37,,999999.0,0,25,LOW
7f674ed7-ba7d-4287-8dbb-014251512f66,USER2286,150.86,restaurant,2026-04-21 12:23:34.796050,Delhi,False,12,Tuesday,0,5.022959043785088,low,1,150.86,,999999.0,0,0,LOW
d054b87e-050e-464d-b9a2-a699699f2c60,USER2287,4769.22,healthcare,2026-03-23 03:51:34.792838,Mumbai,False,3,Monday,0,8.47014770441211,medium,1,4769.22,,999999.0,0,0,LOW
0af41b1e-fe6a-4b1c-8f8c-d97a3ce37e49,USER2293,4834.75,crypto,2026-03-31 23:24:34.788399,Pune,False,23,Tuesday,1,8.483791514782206,medium,1,4834.75,,999999.0,0,25,LOW
e7900c71-907c-46ab-a915-cf7583789968,USER2294,186662.49,electronics,2026-03-06 07:23:34.797975,Unknown,True,7,Friday,1,12.137062756041274,very_high,1,186662.49,,999999.0,0,85,HIGH
38a1d447-b706-485a-be48-130cb3ff0d12,USER2296,3288.84,grocery,2026-03-08 17:10:34.796845,Chennai,False,17,Sunday,0,8.098594210357987,medium,1,3288.84,,999999.0,0,0,LOW
6f39477c-301a-43b8-84aa-41f0429ae197,USER2300,176.92,grocery,2026-03-09 07:20:34.787151,Kolkata,False,7,Monday,0,5.1813340110622175,low,1,176.92,,999999.0,0,0,LOW
19eb2dfc-5cfe-4103-9ea2-68cd30e86ac5,USER2309,2769.3,travel,2026-05-02 02:54:34.791147,Bangalore,False,2,Saturday,0,7.926710896566108,medium,1,2769.3,,999999.0,0,0,LOW
a660e6d5-31c1-4034-89f9-cdf43cf547e9,USER2316,4868.17,healthcare,2026-04-24 04:06:34.796653,Mumbai,False,4,Friday,0,8.490678770340088,medium,1,4868.17,,999999.0,0,0,LOW
2d1089c2-4fc4-426b-b54e-fcb9c9ba099e,USER2319,3655.79,electronics,2026-04-02 07:26:34.795729,Mumbai,False,7,Thursday,1,8.204340992382424,medium,1,3655.79,,999999.0,0,25,LOW
541f468a-7336-4cde-97a2-2fa46bbc0d92,USER2323,4833.4,crypto,2026-04-17 05:54:34.787176,Kolkata,False,5,Friday,1,8.483512305047348,medium,1,4833.4,,999999.0,0,25,LOW
ed2a121f-c5c6-4084-8a08-a5b77fd83282,USER2324,3095.64,fashion,2026-04-09 03:04:34.788796,Chennai,False,3,Thursday,0,8.038072931692577,medium,1,3095.64,,999999.0,0,0,LOW
a2d1cd57-3ac2-46da-b707-d4ca368373ae,USER2342,159926.17,gaming,2026-03-16 23:33:34.798165,Unknown,True,23,Monday,1,11.982473803086686,very_high,1,159926.17,,999999.0,0,85,HIGH
ea9f9b9d-cc0e-4acd-9f67-a035581da32c,USER2345,1225.87,gaming,2026-03-26 08:04:34.797403,Chennai,False,8,Thursday,1,7.1122214896276175,medium,1,1225.87,,999999.0,0,25,LOW
2bfcd640-4fc1-43b9-9124-417806b6d89b,USER2346,1188.24,travel,2026-05-07 12:04:34.793250,Bangalore,False,12,Thursday,0,7.081069726616117,medium,1,1188.24,,999999.0,0,0,LOW
ac916a51-936b-428c-8225-bf3a60a60964,USER2348,126481.36,crypto,2026-03-17 08:31:34.800509,Unknown,True,8,Tuesday,1,11.74785813078581,very_high,1,126481.36,,999999.0,0,85,HIGH
041407f7-63ed-40a6-baa4-e82be585cc67,USER2352,3741.78,crypto,2026-03-30 22:26:34.794143,Hyderabad,False,22,Monday,1,8.227583929794449,medium,1,3741.78,,999999.0,0,25,LOW
f744f3fa-4c3c-4490-a0ee-cb9df2475322,USER2353,192261.5,gaming,2026-04-28 17:36:34.798788,Unknown,True,17,Tuesday,1,12.166616904760064,very_high,1,192261.5,,999999.0,0,85,HIGH
2ad743c7-1529-484f-ba17-822347b24f66,USER2354,144806.15,crypto,2026-05-11 06:20:34.798857,Unknown,True,6,Monday,1,11.883158136167715,very_high,1,144806.15,,999999.0,0,85,HIGH
7077d9ad-fecc-4246-8f83-546117277864,USER2356,1747.17,crypto,2026-05-03 23:25:34.791172,Hyderabad,False,23,Sunday,1,7.466324805491193,medium,1,1747.17,,999999.0,0,25,LOW
e8f4c0c2-53ef-4266-9a96-c7f87692d0d8,USER2364,4585.34,travel,2026-04-17 19:57:34.789910,Mumbai,False,19,Friday,0,8.430837599352662,medium,1,4585.34,,999999.0,0,0,LOW
c1a7c239-04f3-41ec-a4cc-00f88683f059,USER2370,125711.59,crypto,2026-04-23 20:49:34.799993,Unknown,True,20,Thursday,1,11.74175354867174,very_high,1,125711.59,,999999.0,0,85,HIGH
09302d52-289d-4bd0-81d4-5a0d613f3d68,USER2408,121369.6,crypto,2026-03-09 07:08:34.799755,Unknown,True,7,Monday,1,11.7066039536492,very_high,1,121369.6,,999999.0,0,85,HIGH
14c8faad-299e-4098-8a5c-c010ce52e227,USER2410,164812.12,gaming,2026-04-08 03:35:34.799691,Unknown,True,3,Wednesday,1,12.012567504939154,very_high,1,164812.12,,999999.0,0,85,HIGH
0c05882d-2127-414a-a769-ff65238affe0,USER2437,2960.77,grocery,2026-05-13 07:45:34.791558,Unknown,False,7,Wednesday,0,7.9935423415764815,medium,1,2960.77,,999999.0,0,20,LOW
80d60e3b-d63d-45dc-b8f5-516a14a4b3d0,USER2438,4712.86,gaming,2026-04-30 04:02:34.794218,Delhi,False,4,Thursday,1,8.458262384285437,medium,1,4712.86,,999999.0,0,25,LOW
16e6f500-cb10-4d52-8684-60887913a97f,USER2445,2206.29,restaurant,2026-05-08 03:58:34.792766,Bangalore,False,3,Friday,0,7.699520797715121,medium,1,2206.29,,999999.0,0,0,LOW
7314b4f6-c05c-49c8-96a9-8be9629a52c7,USER2453,145.63,gaming,2026-03-23 17:01:34.789921,Chennai,False,17,Monday,1,4.987912406988988,low,1,145.63,,999999.0,0,25,LOW
e83feaf2-63ac-4150-baeb-2c2323413813,USER2453,3281.38,grocery,2026-03-31 15:28:34.792624,Chennai,False,15,Tuesday,0,8.096324048006805,medium,2,3427.01,2026-03-23 17:01:34.789921,11427.00004505,0,0,LOW
a505217f-e723-4ad1-9947-adc4e79b7838,USER2453,187136.67,electronics,2026-05-10 04:05:34.800320,Unknown,True,4,Sunday,1,12.13959982818063,very_high,3,190563.68,2026-03-31 15:28:34.792624,56917.00012826666,0,85,HIGH
70979f7e-f670-4938-b8cc-4198d65c9331,USER2454,2835.69,fashion,2026-04-21 05:21:34.794478,Mumbai,False,5,Tuesday,0,7.9503931584824015,medium,1,2835.69,,999999.0,0,0,LOW
1817f14a-645f-4926-a8b8-2c7914264adc,USER2458,951.62,travel,2026-03-28 10:17:34.790713,Chennai,False,10,Saturday,0,6.859216083317476,low,1,951.62,,999999.0,0,0,LOW
94323059-1bbc-4320-90fd-88438d781f8f,USER2466,3904.6,restaurant,2026-04-26 11:57:34.789309,Mumbai,False,11,Sunday,0,8.270166699638695,medium,1,3904.6,,999999.0,0,0,LOW
50e49812-e0b3-445f-ae83-9cdc747dbe58,USER2474,156628.95,crypto,2026-03-20 22:16:34.798145,Unknown,True,22,Friday,1,11.96164129584901,very_high,1,156628.95,,999999.0,0,85,HIGH
91757b5c-d2fb-4d0d-b3d1-9b3c5786050a,USER2482,187174.37,crypto,2026-05-01 08:25:34.800593,Unknown,True,8,Friday,1,12.139801263856649,very_high,1,187174.37,,999999.0,0,85,HIGH
18eaeff5-0a2b-4041-905f-d5bbff406b60,USER2492,150869.6,electronics,2026-05-07 00:43:34.798059,Unknown,True,0,Thursday,1,11.924177794759997,very_high,1,150869.6,,999999.0,0,85,HIGH
bf7158b0-431a-4dc8-b95f-9f44dc5cda9b,USER2503,333.12,fashion,2026-04-01 18:40:34.795497,Hyderabad,False,18,Wednesday,0,5.811500209887705,low,1,333.12,,999999.0,0,0,LOW
448766c4-b26d-4258-928f-ceed30005877,USER2505,1994.52,fashion,2026-03-17 01:52:34.791389,Delhi,False,1,Tuesday,0,7.598659946989303,medium,1,1994.52,,999999.0,0,0,LOW
1b5e48de-385a-433e-b077-99d0a33ec260,USER2506,3345.05,healthcare,2026-03-20 16:21:34.793749,Delhi,False,16,Friday,0,8.1155358246509,medium,1,3345.05,,999999.0,0,0,LOW
d72cdab6-a679-429e-bc14-101551d0b57f,USER2513,87488.24,gaming,2026-04-06 04:57:34.798760,Unknown,True,4,Monday,1,11.379271093355529,very_high,1,87488.24,,999999.0,0,45,MEDIUM
98e37a82-707f-4d62-917d-c02bc4f9e707,USER2522,4317.25,travel,2026-04-09 19:44:34.796272,Mumbai,False,19,Thursday,0,8.370605506573394,medium,1,4317.25,,999999.0,0,0,LOW
cc7a9da7-f8ff-40eb-8dcf-e6ca9c67d47c,USER2522,196440.68,crypto,2026-05-11 02:24:34.800462,Unknown,True,2,Monday,1,12.1881208723463,very_high,2,200757.93,2026-04-09 19:44:34.796272,45040.00006983333,0,85,HIGH
973cf71b-f376-48ba-8523-53f1fced06e3,USER2537,493.44,grocery,2026-03-17 09:44:34.795009,Bangalore,False,9,Tuesday,0,6.203425809019622,low,1,493.44,,999999.0,0,0,LOW
139a36a3-69e1-48c9-99da-5e099984eff3,USER2549,2636.44,grocery,2026-03-13 07:14:34.787978,Mumbai,False,7,Friday,0,7.877564028710398,medium,1,2636.44,,999999.0,0,0,LOW
6d326829-4e90-4e93-8367-4aa0bb41eadb,USER2569,4359.0,crypto,2026-03-21 12:44:34.787950,Unknown,False,12,Saturday,1,8.38022733634308,medium,1,4359.0,,999999.0,0,45,MEDIUM
d547c525-5eca-4619-b3da-d3d4bef81386,USER2571,83517.06,gaming,2026-04-22 02:44:34.797837,Unknown,True,2,Wednesday,1,11.332818174877344,very_high,1,83517.06,,999999.0,0,45,MEDIUM
1b5b7fd1-7437-4dba-a52d-47511c00692e,USER2583,126388.04,gaming,2026-03-20 02:00:34.798839,Unknown,True,2,Friday,1,11.747120048074704,very_high,1,126388.04,,999999.0,0,85,HIGH
7e62d08b-7b98-4515-b011-cc9abb557469,USER2587,2638.93,travel,2026-05-10 03:10:34.794243,Unknown,False,3,Sunday,0,7.8785076806373135,medium,1,2638.93,,999999.0,0,20,LOW
3c4d394d-4893-4aed-b930-0e91666fbe5c,USER2601,4473.86,grocery,2026-03-10 17:58:34.791873,Kolkata,False,17,Tuesday,0,8.40623034530337,medium,1,4473.86,,999999.0,0,0,LOW
7272a19a-026a-4934-969f-6d069a706c2c,USER2612,4884.53,healthcare,2026-03-27 15:14:34.792356,Kolkata,False,15,Friday,0,8.494033053985747,medium,1,4884.53,,999999.0,0,0,LOW
2f3ce9cc-5701-4458-9940-9eeab28e6372,USER2614,4678.22,travel,2026-04-24 02:04:34.790725,Chennai,False,2,Friday,0,8.450886708354593,medium,1,4678.22,,999999.0,0,0,LOW
34dd2363-be94-4c66-a2f1-bf355ed6ee84,USER2617,3037.6,electronics,2026-03-12 17:31:34.786666,Bangalore,False,17,Thursday,1,8.019152162009666,medium,1,3037.6,,999999.0,0,25,LOW
42c41fb4-c43b-4cf7-9ca5-69f8e25093f5,USER2622,1348.2,healthcare,2026-04-27 18:51:34.789271,Unknown,False,18,Monday,0,7.207267103187495,medium,1,1348.2,,999999.0,0,20,LOW
76387d2f-487b-4df6-b5a0-ab8e98cd1c0e,USER2622,161993.8,gaming,2026-05-08 09:53:34.797722,Unknown,True,9,Friday,1,11.995319514933913,very_high,2,163342.0,2026-04-27 18:51:34.789271,15302.00014085,0,85,HIGH
6d1cf85c-9878-4b65-94d3-0064eaf888a9,USER2637,123599.55,gaming,2026-04-15 20:15:34.800579,Unknown,True,20,Wednesday,1,11.724810273834017,very_high,1,123599.55,,999999.0,0,85,HIGH
de609f23-1778-46cb-b8e0-811168eef0f5,USER2671,1697.28,crypto,2026-03-19 04:32:34.789962,Kolkata,False,4,Thursday,1,7.437371253159016,medium,1,1697.28,,999999.0,0,25,LOW
b91a2485-16e9-4c1d-842c-58a61ba4c21f,USER2678,3308.11,grocery,2026-03-16 10:00:34.787164,Delhi,False,10,Monday,0,8.104434550040589,medium,1,3308.11,,999999.0,0,0,LOW
01a76767-392d-428b-8b9c-bb332de451bc,USER2691,3882.73,crypto,2026-03-19 09:35:34.792166,Unknown,False,9,Thursday,1,8.264551311031944,medium,1,3882.73,,999999.0,0,45,MEDIUM
3423fe45-1af6-4116-ab8f-65b1e60bcbd5,USER2706,2608.39,fashion,2026-03-14 18:40:34.791669,Mumbai,False,18,Saturday,0,7.866871756525692,medium,1,2608.39,,999999.0,0,0,LOW
7619a026-2d23-4476-af55-5c4a960c279b,USER2717,121010.97,crypto,2026-04-27 02:02:34.798242,Unknown,True,2,Monday,1,11.703644745305896,very_high,1,121010.97,,999999.0,0,85,HIGH
40cf37df-dd88-4827-855e-07e4fa4cf3ee,USER2752,4374.71,fashion,2026-05-14 02:55:34.787332,Bangalore,False,2,Thursday,0,8.383824071339099,medium,1,4374.71,,999999.0,0,0,LOW
fbbc0575-1b78-4d81-8151-9ad88d19b028,USER2767,4763.42,travel,2026-03-11 03:26:34.797295,Mumbai,False,3,Wednesday,0,8.468931087798287,medium,1,4763.42,,999999.0,0,0,LOW
60dbccbd-9d0f-49dc-a221-3d29f9b8ad02,USER2774,3616.87,grocery,2026-03-22 03:47:34.795109,Hyderabad,False,3,Sunday,0,8.19364073385585,medium,1,3616.87,,999999.0,0,0,LOW
87dc6c3d-817f-46d2-82be-3a41b69718a2,USER2781,97012.59,gaming,2026-04-12 15:50:34.797751,Unknown,True,15,Sunday,1,11.48260635076478,very_high,1,97012.59,,999999.0,0,45,MEDIUM
1734c8d1-7104-443a-8bb5-50b7974cff86,USER2781,131043.55,gaming,2026-04-21 17:32:34.800070,Unknown,True,17,Tuesday,1,11.783292620706316,very_high,2,228056.14,2026-04-12 15:50:34.797751,13062.00003865,0,85,HIGH
9d7b72a0-16ed-4866-9d68-273ed6da912b,USER2790,2018.99,restaurant,2026-04-01 16:32:34.789259,Delhi,False,16,Wednesday,0,7.610847839887947,medium,1,2018.99,,999999.0,0,0,LOW
79519d20-feac-4bf1-84e0-f5a0a7581ace,USER2790,4708.39,healthcare,2026-04-19 04:23:34.787344,Delhi,False,4,Sunday,0,8.45731366694582,medium,2,6727.38,2026-04-01 16:32:34.789259,25190.99996808333,0,0,LOW
a1b87111-7587-4fa0-b940-6ed623a17c25,USER2793,3176.53,travel,2026-03-15 03:49:34.787529,Delhi,False,3,Sunday,0,8.063859444403777,medium,1,3176.53,,999999.0,0,0,LOW
d1216577-3467-4797-8fb5-30115800e9c2,USER2831,2647.27,gaming,2026-04-17 09:56:34.792406,Pune,False,9,Friday,1,7.881661875605173,medium,1,2647.27,,999999.0,0,25,LOW
c29e6775-b8f9-4a08-ab1f-050a1d8b5201,USER2839,630.73,travel,2026-04-19 17:24:34.797391,Pune,False,17,Sunday,0,6.448462087674575,low,1,630.73,,999999.0,0,0,LOW
bf115431-3ed6-4e9c-8b57-1f056a2bddee,USER2842,2454.31,healthcare,2026-04-10 15:58:34.786815,Kolkata,False,15,Friday,0,7.806008305169291,medium,1,2454.31,,999999.0,0,0,LOW
e26c4245-cca4-4a58-840d-2a6bee57f72a,USER2844,3906.01,grocery,2026-04-19 08:50:34.790237,Bangalore,False,8,Sunday,0,8.27052765456037,medium,1,3906.01,,999999.0,0,0,LOW
731f6d16-6012-432b-827b-5a43d8dc8c87,USER2852,162916.52,gaming,2026-03-13 15:19:34.800403,Unknown,True,15,Friday,1,12.000999339451548,very_high,1,162916.52,,999999.0,0,85,HIGH
f72eea4e-8235-4cfb-bc75-3a8da089bc96,USER2880,4914.23,travel,2026-05-06 06:37:34.795742,Kolkata,False,6,Wednesday,0,8.500093827010296,medium,1,4914.23,,999999.0,0,0,LOW
921afb52-44de-4ae7-aaf1-a6233dfa3527,USER2889,371.7,grocery,2026-04-20 20:04:34.792648,Chennai,False,20,Monday,0,5.9207738064852125,low,1,371.7,,999999.0,0,0,LOW
e9d30661-4fc0-4d48-b7a5-fed3227ef9d2,USER2902,3905.13,healthcare,2026-03-26 17:19:34.797354,Hyderabad,False,17,Thursday,0,8.270302393012843,medium,1,3905.13,,999999.0,0,0,LOW
b2a061c7-63b9-4cce-9b79-2c9d08129ba4,USER2913,2493.48,crypto,2026-03-27 13:10:34.794898,Delhi,False,13,Friday,1,7.821835569630145,medium,1,2493.48,,999999.0,0,25,LOW
5095ffa3-9b40-4a1a-a3a7-ec2ab4fb358b,USER2915,4511.67,electronics,2026-04-16 23:42:34.797340,Pune,False,23,Thursday,1,8.414644275061717,medium,1,4511.67,,999999.0,0,25,LOW
146fced6-d80b-4fa1-9a96-75938b83a781,USER2922,67499.7,electronics,2026-04-29 19:44:34.799342,Unknown,True,19,Wednesday,1,11.11989324717722,very_high,1,67499.7,,999999.0,0,45,MEDIUM
f0fcb1e4-e357-4e1b-95c7-b5423e701a1d,USER2926,191793.09,crypto,2026-04-05 21:36:34.799561,Unknown,True,21,Sunday,1,12.164177627609496,very_high,1,191793.09,,999999.0,0,85,HIGH
532a1c97-9c55-43c2-a964-ed15ee8d5227,USER2928,1981.84,grocery,2026-04-05 16:14:34.795613,Bangalore,False,16,Sunday,0,7.592285439434968,medium,1,1981.84,,999999.0,0,0,LOW
95922554-156b-432d-ad7d-ad55898b2420,USER2955,2523.35,travel,2026-04-12 15:41:34.787886,Chennai,False,15,Sunday,0,7.833738882827192,medium,1,2523.35,,999999.0,0,0,LOW
d0728017-4456-4e41-a662-8270bace248c,USER2958,4331.91,crypto,2026-04-27 06:16:34.788758,Unknown,False,6,Monday,1,8.373994650695668,medium,1,4331.91,,999999.0,0,45,MEDIUM
ed39ec8d-99ac-4abc-baaa-86090ae31f9b,USER2959,180917.24,gaming,2026-03-27 22:32:34.799800,Unknown,True,22,Friday,1,12.105800495487864,very_high,1,180917.24,,999999.0,0,85,HIGH
7dfd67fa-0932-4968-9522-41b5b3706595,USER2975,1368.08,healthcare,2026-03-09 05:14:34.792343,Kolkata,False,5,Monday,0,7.221894260396279,medium,1,1368.08,,999999.0,0,0,LOW
fe8dc531-e5a1-407b-8a4b-b6ac6c1c4e6c,USER2977,150539.55,crypto,2026-04-01 18:44:34.798687,Unknown,True,18,Wednesday,1,11.921987762095863,very_high,1,150539.55,,999999.0,0,85,HIGH
3d65eca0-54f9-4eff-8493-cb45838b93fa,USER2991,4219.24,crypto,2026-03-16 09:12:34.791071,Chennai,False,9,Monday,1,8.34764727745082,medium,1,4219.24,,999999.0,0,25,LOW
74e61a07-190a-4d1c-8992-6b8da87ec30c,USER3014,4717.93,electronics,2026-04-21 10:27:34.793973,Hyderabad,False,10,Tuesday,1,8.45933735796517,medium,1,4717.93,,999999.0,0,25,LOW
5b3de245-1ff9-46d5-a44f-4f7fc770da68,USER3018,133932.97,electronics,2026-04-17 00:45:34.799195,Unknown,True,0,Friday,1,11.805102196292324,very_high,1,133932.97,,999999.0,0,85,HIGH
12989c3d-b57d-42d1-bfe1-837facef7ee4,USER3035,4188.29,healthcare,2026-03-24 14:19:34.797063,Unknown,False,14,Tuesday,0,8.340286547483743,medium,1,4188.29,,999999.0,0,20,LOW
0b9c02e1-bf49-4baa-a044-e27a96911814,USER3039,951.03,fashion,2026-04-28 16:09:34.794155,Hyderabad,False,16,Tuesday,0,6.858596546899896,low,1,951.03,,999999.0,0,0,LOW
5925c8f6-7747-457d-8e32-bef407909773,USER3044,4303.03,gaming,2026-04-06 17:32:34.796772,Mumbai,False,17,Monday,1,8.367307072077551,medium,1,4303.03,,999999.0,0,25,LOW
931bb62c-be8c-440f-b005-7b6609724a6e,USER3045,4681.05,travel,2026-04-24 21:07:34.787282,Hyderabad,False,21,Friday,0,8.451491327190759,medium,1,4681.05,,999999.0,0,0,LOW
e3d0ae36-d751-4a68-8430-ab35162de56e,USER3062,179523.21,gaming,2026-05-06 16:14:34.800261,Unknown,True,16,Wednesday,1,12.098065352467511,very_high,1,179523.21,,999999.0,0,85,HIGH
7e55668f-b382-47c2-98ad-11682e8a9382,USER3071,197459.63,crypto,2026-03-14 12:40:34.798716,Unknown,True,12,Saturday,1,12.193294501679947,very_high,1,197459.63,,999999.0,0,85,HIGH
f7ecc6f2-5cbe-458e-89da-152d2df39b94,USER3088,3132.69,grocery,2026-04-29 06:18:34.793623,Hyderabad,False,6,Wednesday,0,8.049966502899101,medium,1,3132.69,,999999.0,0,0,LOW
9e7f4f74-7d92-444c-b83c-25334404f46a,USER3089,56.7,restaurant,2026-04-09 11:28:34.789808,Mumbai,False,11,Thursday,0,4.055257173514054,low,1,56.7,,999999.0,0,0,LOW
22933d45-f678-4da0-a313-b88a529d6d79,USER3118,1738.38,crypto,2026-05-09 01:04:34.789946,Hyderabad,False,1,Saturday,1,7.461284006871784,medium,1,1738.38,,999999.0,0,25,LOW
4dab70ab-47ab-4e62-a5e4-06894b8083c8,USER3130,1873.2,healthcare,2026-04-12 20:36:34.789718,Kolkata,False,20,Sunday,0,7.535937180689723,medium,1,1873.2,,999999.0,0,0,LOW
9814c0ca-e9ec-499c-ab48-5c1fe4a80a08,USER3138,4248.16,crypto,2026-04-04 22:26:34.786570,Pune,False,22,Saturday,1,8.354476595324885,medium,1,4248.16,,999999.0,0,25,LOW
b7977ba8-5f5e-4f96-a191-b8556816c095,USER3141,1595.62,gaming,2026-04-30 00:10:34.795285,Delhi,False,0,Thursday,1,7.375644173752306,medium,1,1595.62,,999999.0,0,25,LOW
11f62b1e-66cd-40f0-80bc-9f81ccf43b4d,USER3151,2893.0,electronics,2026-05-13 00:49:34.788734,Unknown,False,0,Wednesday,1,7.970394907191429,medium,1,2893.0,,999999.0,0,45,MEDIUM
1a6ed4f4-41a9-41d9-8f4d-a009aa3fe20e,USER3153,1328.19,gaming,2026-03-15 10:36:34.788644,Hyderabad,False,10,Sunday,1,7.19232501312984,medium,1,1328.19,,999999.0,0,25,LOW
aa7b7472-82da-4942-997d-48791a1519b2,USER3157,54403.85,crypto,2026-04-17 01:13:34.799037,Unknown,True,1,Friday,1,10.90420858328178,very_high,1,54403.85,,999999.0,0,45,MEDIUM
0f5ee236-7317-49f5-8e4e-1c7f8853163b,USER3160,4623.66,grocery,2026-05-11 07:00:34.789933,Mumbai,False,7,Monday,0,8.43915813373076,medium,1,4623.66,,999999.0,0,0,LOW
e1572ecf-d9aa-4dc4-88f3-d09d44ceff2f,USER3194,4914.24,travel,2026-03-12 03:50:34.792153,Delhi,False,3,Thursday,0,8.500095861501018,medium,1,4914.24,,999999.0,0,0,LOW
443bc633-a68e-454a-9efc-7f53d6311af7,USER3201,4600.93,electronics,2026-05-01 22:19:34.792673,Hyderabad,False,22,Friday,1,8.434231059701704,medium,1,4600.93,,999999.0,0,25,LOW
fa135ecc-0ddc-4688-ab6c-03cd20c4f88a,USER3204,121122.62,electronics,2026-04-25 13:50:34.800564,Unknown,True,13,Saturday,1,11.70456695593931,very_high,1,121122.62,,999999.0,0,85,HIGH
8019865d-2fe9-4658-b3f7-aff731bba12a,USER3224,793.72,travel,2026-03-16 21:47:34.790537,Chennai,False,21,Monday,0,6.67798985135904,low,1,793.72,,999999.0,0,0,LOW
92daaa0f-943e-481b-a830-5c49d777b9e2,USER3230,3697.32,healthcare,2026-04-26 05:27:34.795787,Hyderabad,False,5,Sunday,0,8.215633941464505,medium,1,3697.32,,999999.0,0,0,LOW
b8b42dba-10c3-41a7-a609-0d9729d642f3,USER3231,541.76,gaming,2026-03-19 14:15:34.797416,Kolkata,False,14,Thursday,1,6.296667233277752,low,1,541.76,,999999.0,0,25,LOW
fd12e1f3-7d5a-4685-bc91-2b223b017fa4,USER3232,94.36,gaming,2026-04-11 03:27:34.792482,Pune,False,3,Saturday,1,4.55765920331704,low,1,94.36,,999999.0,0,25,LOW
b25715ca-1b09-482e-8773-7be837d20693,USER3240,1559.8,travel,2026-03-28 19:46:34.789247,Hyderabad,False,19,Saturday,0,7.352953789308901,medium,1,1559.8,,999999.0,0,0,LOW
98fe16ef-4782-4019-8dad-4d2eeea51376,USER3243,3806.48,electronics,2026-04-05 12:26:34.795812,Hyderabad,False,12,Sunday,1,8.244722831964976,medium,1,3806.48,,999999.0,0,25,LOW
4348ff9c-094c-48d7-a26c-4cb15f5e7c86,USER3246,3846.25,travel,2026-05-04 15:01:34.789780,Chennai,False,15,Monday,0,8.255113886343961,medium,1,3846.25,,999999.0,0,0,LOW
10420ae8-7226-4261-b37a-e7bf7ff773d9,USER3247,1555.12,fashion,2026-04-18 17:51:34.793040,Delhi,False,17,Saturday,0,7.349950822587301,medium,1,1555.12,,999999.0,0,0,LOW
9ddf8d99-6afe-4eee-856b-f1f49e925b04,USER3250,3153.88,restaurant,2026-03-10 14:27:34.787641,Bangalore,False,14,Tuesday,0,8.056705739386677,medium,1,3153.88,,999999.0,0,0,LOW
9a124669-7a23-473c-b9ac-559dd0f76f7e,USER3254,122573.48,electronics,2026-04-10 17:03:34.798408,Unknown,True,17,Friday,1,11.716474124209803,very_high,1,122573.48,,999999.0,0,85,HIGH
a10b37ed-241b-4709-9753-eb58ea7cd18e,USER3260,4150.94,healthcare,2026-05-01 22:56:34.793591,Hyderabad,False,22,Friday,0,8.331330973874257,medium,1,4150.94,,999999.0,0,0,LOW
5ed00db6-1039-41d2-afb9-4eca86ffc67b,USER3271,2764.58,healthcare,2026-04-04 05:15:34.786834,Hyderabad,False,5,Saturday,0,7.925005656877476,medium,1,2764.58,,999999.0,0,0,LOW
19a26779-2172-4177-91b0-9d89fa347dc8,USER3282,3449.06,gaming,2026-03-20 18:16:34.797189,Kolkata,False,18,Friday,1,8.146146901178525,medium,1,3449.06,,999999.0,0,25,LOW
f4f88eb8-43db-4469-af9c-c93cd53682ee,USER3284,3439.98,restaurant,2026-03-26 08:50:34.787761,Chennai,False,8,Thursday,0,8.143511593516711,medium,1,3439.98,,999999.0,0,0,LOW
803be2d9-c939-411a-a340-9a1938c68b85,USER3287,4030.03,healthcare,2026-04-01 12:13:34.789664,Chennai,False,12,Wednesday,0,8.301777205411476,medium,1,4030.03,,999999.0,0,0,LOW
4c69d457-f1c0-49dc-9c87-17b243d37114,USER3290,2987.75,grocery,2026-04-04 06:36:34.797089,Mumbai,False,6,Saturday,0,8.002610518772535,medium,1,2987.75,,999999.0,0,0,LOW
33fd3b01-9f6b-4674-a745-1661b82f82d1,USER3293,198798.32,electronics,2026-03-14 10:31:34.797865,Unknown,True,10,Saturday,1,12.200051152675622,very_high,1,198798.32,,999999.0,0,85,HIGH
dfc43212-8f51-4db1-813a-c8d2c1ce8ee7,USER3299,1286.29,gaming,2026-05-12 11:30:34.795571,Hyderabad,False,11,Tuesday,1,7.160294512438415,medium,1,1286.29,,999999.0,0,25,LOW
9896139f-f693-4bc0-921b-3228f2533177,USER3314,2233.86,healthcare,2026-03-10 17:26:34.791569,Chennai,False,17,Tuesday,0,7.711933865264685,medium,1,2233.86,,999999.0,0,0,LOW
1d844bd7-ad72-4681-9260-151daef75c88,USER3317,2343.22,gaming,2026-04-27 15:42:34.789419,Kolkata,False,15,Monday,1,7.759708002947933,medium,1,2343.22,,999999.0,0,25,LOW
a93ce2cb-da29-4ab3-8ffb-0027411c23dc,USER3326,133466.0,electronics,2026-03-30 09:08:34.797795,Unknown,True,9,Monday,1,11.801609535254473,very_high,1,133466.0,,999999.0,0,85,HIGH
ce926c2a-653c-4b06-923c-c3d07811ad2a,USER3334,4664.46,restaurant,2026-04-30 18:33:34.793869,Bangalore,False,18,Thursday,0,8.447941715065358,medium,1,4664.46,,999999.0,0,0,LOW
80486148-6bf1-4d18-93ab-c10e88ba8244,USER3337,123309.93,gaming,2026-03-08 09:20:34.799104,Unknown,True,9,Sunday,1,11.722464330803534,very_high,1,123309.93,,999999.0,0,85,HIGH
27fc0fd9-5679-430d-b87a-04666c05c163,USER3340,4939.32,gaming,2026-04-01 17:38:34.789388,Pune,False,17,Wednesday,1,8.505185385411943,medium,1,4939.32,,999999.0,0,25,LOW
964f2520-57ef-460b-b83a-a28af0a84050,USER3352,1526.06,grocery,2026-04-17 07:43:34.796466,Pune,False,7,Friday,0,7.331099597177538,medium,1,1526.06,,999999.0,0,0,LOW
15fd597f-edca-460a-a724-f4ea27306f73,USER3357,3300.12,grocery,2026-05-05 02:00:34.792886,Pune,False,2,Tuesday,0,8.102017083812871,medium,1,3300.12,,999999.0,0,0,LOW
29a41767-11fa-424b-8e35-b7e4cd571900,USER3361,2343.03,crypto,2026-05-06 10:11:34.796809,Pune,False,10,Wednesday,1,7.759626949249814,medium,1,2343.03,,999999.0,0,25,LOW
e1bbdd12-fe5e-4f68-b987-b51ca71ec701,USER3368,2821.53,healthcare,2026-03-15 00:40:34.788439,Kolkata,False,0,Sunday,0,7.945388924842442,medium,1,2821.53,,999999.0,0,0,LOW
a6caf594-8921-442d-96f8-5bab0ea16255,USER3373,224.31,fashion,2026-04-01 14:13:34.787846,Hyderabad,False,14,Wednesday,0,5.417477231717294,low,1,224.31,,999999.0,0,0,LOW
64b98c4a-deaa-4a2b-82d5-804c5bb18df1,USER3382,68861.17,gaming,2026-03-15 01:38:34.798345,Unknown,True,1,Sunday,1,11.139862249611204,very_high,1,68861.17,,999999.0,0,45,MEDIUM
f52df92d-9acf-42fb-8389-330464bb50a2,USER3394,1068.6,gaming,2026-04-24 20:56:34.789043,Hyderabad,False,20,Friday,1,6.975040025787734,medium,1,1068.6,,999999.0,0,25,LOW
1c26af3e-459c-4fd6-b16f-f588423510a1,USER3422,4555.19,grocery,2026-04-07 10:50:34.792736,Chennai,False,10,Tuesday,0,8.42424202694598,medium,1,4555.19,,999999.0,0,0,LOW
1d9bff13-e746-4789-ac85-bc382a68e55b,USER3439,4478.23,healthcare,2026-03-21 05:54:34.791861,Mumbai,False,5,Saturday,0,8.40720643563683,medium,1,4478.23,,999999.0,0,0,LOW
e021fd06-48b1-4db3-99e3-03cab8e51bbc,USER3441,182157.53,electronics,2026-04-09 16:40:34.798702,Unknown,True,16,Thursday,1,12.112632630876336,very_high,1,182157.53,,999999.0,0,85,HIGH
0118d33d-e8d3-443e-ad3c-a8cafaa61b46,USER3451,2488.76,crypto,2026-03-17 16:18:34.787361,Chennai,False,16,Tuesday,1,7.8199415992712,medium,1,2488.76,,999999.0,0,25,LOW
f21d4637-8c72-4b80-a9ac-59900818e7b0,USER3452,4097.49,healthcare,2026-03-11 02:51:34.791134,Chennai,False,2,Wednesday,0,8.318373892173065,medium,1,4097.49,,999999.0,0,0,LOW
4e25fdae-0e57-4f6d-a42c-2979b3cf6796,USER3478,59745.27,gaming,2026-04-08 19:52:34.798466,Unknown,True,19,Wednesday,1,10.997862041066885,very_high,1,59745.27,,999999.0,0,45,MEDIUM
a760947f-0f4f-4d1c-9156-f8764622e9ea,USER3479,56516.25,crypto,2026-03-31 17:14:34.799785,Unknown,True,17,Tuesday,1,10.942301180271512,very_high,1,56516.25,,999999.0,0,45,MEDIUM
1cc32c90-999e-4e0a-aaab-f8be674d04f8,USER3481,1305.86,fashion,2026-03-22 08:26:34.792243,Unknown,False,8,Sunday,0,7.175382592355192,medium,1,1305.86,,999999.0,0,20,LOW
8d54289a-e3d2-4daa-9202-6ba3f9586206,USER3488,196441.14,electronics,2026-03-21 14:26:34.799634,Unknown,True,14,Saturday,1,12.18812321400547,very_high,1,196441.14,,999999.0,0,85,HIGH
d3dc9fb2-49ad-4d18-8632-325eb34d1907,USER3516,51022.08,gaming,2026-03-17 09:02:34.797700,Unknown,True,9,Tuesday,1,10.840033358356647,very_high,1,51022.08,,999999.0,0,45,MEDIUM
83564324-7f4e-4867-a656-c1276cb99bac,USER3528,98126.31,electronics,2026-04-03 03:50:34.799721,Unknown,True,3,Friday,1,11.494020996208889,very_high,1,98126.31,,999999.0,0,45,MEDIUM
ff7a8a22-63ce-4ed0-bc11-6c70ca78081f,USER3537,533.47,electronics,2026-04-15 11:08:34.789587,Mumbai,False,11,Wednesday,1,6.281275601668206,low,1,533.47,,999999.0,0,25,LOW
d2165d6a-4e6a-46bb-ae46-db42c6cd8179,USER3541,2900.69,crypto,2026-04-27 03:13:34.793519,Pune,False,3,Monday,1,7.973048604857391,medium,1,2900.69,,999999.0,0,25,LOW
466b0597-e225-4d18-ac8f-235fd783a2a7,USER3549,99.15,healthcare,2026-05-11 17:54:34.796487,Bangalore,False,17,Monday,0,4.606669062111827,low,1,99.15,,999999.0,0,0,LOW
204210ed-2635-4411-b42b-d3392bd13cd1,USER3575,310.02,healthcare,2026-05-12 07:39:34.788154,Bangalore,False,7,Tuesday,0,5.739857218793191,low,1,310.02,,999999.0,0,0,LOW
a72cde84-caca-465e-8fac-bc2240002642,USER3581,232.36,travel,2026-03-12 15:42:34.788681,Kolkata,False,15,Thursday,0,5.452582325559466,low,1,232.36,,999999.0,0,0,LOW
59d54581-8eb4-4de6-a8bd-08214d1d1d5d,USER3586,4695.42,gaming,2026-04-25 02:34:34.789460,Kolkata,False,2,Saturday,1,8.45455579532803,medium,1,4695.42,,999999.0,0,25,LOW
13c8eeaf-46b9-4de5-a77a-697dfea66e87,USER3592,1141.98,grocery,2026-05-08 18:34:34.788771,Mumbai,False,18,Friday,0,7.041394165828949,medium,1,1141.98,,999999.0,0,0,LOW
b6c25e82-a153-4191-86f8-0f14ee61a5ea,USER3593,2460.82,electronics,2026-04-19 06:10:34.789031,Unknown,False,6,Sunday,1,7.808656192780005,medium,1,2460.82,,999999.0,0,45,MEDIUM
99f7e8ba-c1d2-4563-b8aa-5508c153c493,USER3599,144749.41,gaming,2026-03-09 08:52:34.799180,Unknown,True,8,Monday,1,11.882766227901003,very_high,1,144749.41,,999999.0,0,85,HIGH
065ede56-cf94-4c50-a72d-cf2a1864a3af,USER3609,140486.7,crypto,2026-04-16 17:09:34.798629,Unknown,True,17,Thursday,1,11.85287521943971,very_high,1,140486.7,,999999.0,0,85,HIGH
aea2ad8e-aa11-4584-b413-3fb9771d3ed3,USER3614,4224.36,fashion,2026-03-08 01:53:34.786460,Delhi,False,1,Sunday,0,8.348859743261947,medium,1,4224.36,,999999.0,0,0,LOW
484d51b2-88e1-42e0-83b0-be15155b448b,USER3646,575.36,grocery,2026-03-09 21:38:34.792314,Mumbai,False,21,Monday,0,6.3567324654647335,low,1,575.36,,999999.0,0,0,LOW
9a3ad42d-2b4b-4dda-bed9-14ad4dc28162,USER3652,1855.4,electronics,2026-03-19 05:04:34.797139,Kolkata,False,5,Thursday,1,7.526394407367021,medium,1,1855.4,,999999.0,0,25,LOW
cf7ebf71-a52e-4302-aded-ffb243bf44b5,USER3666,147999.96,electronics,2026-04-16 04:36:34.799620,Unknown,True,4,Thursday,1,11.904974039211702,very_high,1,147999.96,,999999.0,0,85,HIGH
158ff9a7-1c1d-4eb7-b22b-5fc30e251d4c,USER3676,78104.89,crypto,2026-03-15 04:28:34.800418,Unknown,True,4,Sunday,1,11.265820749117289,very_high,1,78104.89,,999999.0,0,45,MEDIUM
7d0ef64c-ecdb-4e90-a4a3-1542189f4dd1,USER3678,560.34,electronics,2026-04-05 16:32:34.788296,Hyderabad,False,16,Sunday,1,6.330326782548198,low,1,560.34,,999999.0,0,25,LOW
0bc779e0-16d9-4199-ac6f-e5f9744aee4c,USER3690,1295.18,travel,2026-05-14 14:53:34.789359,Hyderabad,False,14,Thursday,0,7.16717675615694,medium,1,1295.18,,999999.0,0,0,LOW
03c34b9c-d674-4942-82b1-cce2416f6ecf,USER3708,145965.4,electronics,2026-05-13 07:22:34.797501,Unknown,True,7,Wednesday,1,11.891131737218592,very_high,1,145965.4,,999999.0,0,85,HIGH
fa63c7a7-1b7e-4167-9330-af4065562796,USER3709,2826.27,gaming,2026-03-25 19:07:34.787389,Pune,False,19,Wednesday,1,7.947066860738264,medium,1,2826.27,,999999.0,0,25,LOW
d4cdcdd9-d4d0-4f0e-a183-59ee6242f89e,USER3712,159888.85,gaming,2026-03-06 07:07:34.797914,Unknown,True,7,Friday,1,11.982240419634053,very_high,1,159888.85,,999999.0,0,85,HIGH
e1b5d486-1aac-42dc-ab58-bc07fd328ea7,USER3715,4875.26,healthcare,2026-04-30 21:53:34.792016,Hyderabad,False,21,Thursday,0,8.49213381157498,medium,1,4875.26,,999999.0,0,0,LOW
40d6c7e5-8ba4-4fdc-9b29-7e49957e49ea,USER3723,4574.39,healthcare,2026-03-28 08:30:34.788196,Hyderabad,False,8,Saturday,0,8.428447219978036,medium,1,4574.39,,999999.0,0,0,LOW
e3ede909-8e61-41c1-9176-5c8e8f0881f1,USER3736,401.17,electronics,2026-04-15 02:50:34.793636,Chennai,False,2,Wednesday,1,5.996874884800257,low,1,401.17,,999999.0,0,25,LOW
b5c1173e-fd8e-416d-b8fb-164b6d782f2f,USER3752,371.74,healthcare,2026-03-22 07:16:34.791084,Unknown,False,7,Sunday,0,5.920881125652519,low,1,371.74,,999999.0,0,20,LOW
b3eb754d-0878-4837-97da-48e24302342f,USER3760,3895.11,electronics,2026-05-03 11:29:34.789151,Unknown,False,11,Sunday,1,8.267733898450095,medium,1,3895.11,,999999.0,0,45,MEDIUM
407225b6-41e8-430d-9448-1ff31273ec86,USER3761,3020.62,healthcare,2026-03-07 13:18:34.788993,Kolkata,False,13,Saturday,0,8.013548390386138,medium,1,3020.62,,999999.0,0,0,LOW
265412f2-ad0a-46ad-86cf-b42944eb7f1e,USER3774,4383.2,restaurant,2026-04-20 00:30:34.793421,Kolkata,False,0,Monday,0,8.385762448025227,medium,1,4383.2,,999999.0,0,0,LOW
214defbe-5ca0-4825-bf41-a19895613b48,USER3785,152110.38,electronics,2026-05-01 21:24:34.798947,Unknown,True,21,Friday,1,11.932368294646464,very_high,1,152110.38,,999999.0,0,85,HIGH
9d1911e1-066e-4fb0-84fd-dc43b435a3a5,USER3819,788.94,restaurant,2026-03-09 17:12:34.790265,Kolkata,False,17,Monday,0,6.67195699320968,low,1,788.94,,999999.0,0,0,LOW
6c85d5fd-e8bd-40d5-87c4-9c5470720a11,USER3824,4613.52,fashion,2026-05-06 19:43:34.792128,Mumbai,False,19,Wednesday,0,8.436963132860287,medium,1,4613.52,,999999.0,0,0,LOW
3092d346-5db7-4f37-8b06-9400b02a56b3,USER3825,2031.65,crypto,2026-04-21 19:12:34.793287,Hyderabad,False,19,Tuesday,1,7.617095639436832,medium,1,2031.65,,999999.0,0,25,LOW
baaa1094-56fe-4f60-88cd-3837070cc2b8,USER3844,854.89,restaurant,2026-05-11 04:25:34.787319,Hyderabad,False,4,Monday,0,6.752141863211412,low,1,854.89,,999999.0,0,0,LOW
ca96beaf-34d4-4114-9762-e8557463c817,USER3847,3643.6,crypto,2026-03-23 23:29:34.796037,Kolkata,False,23,Monday,1,8.201001899051954,medium,1,3643.6,,999999.0,0,25,LOW
8853af53-89e7-4531-bfbe-d03930107e97,USER3855,71060.02,electronics,2026-04-27 19:07:34.799210,Unknown,True,19,Monday,1,11.171294223538984,very_high,1,71060.02,,999999.0,0,45,MEDIUM
78f9eae1-909c-4005-bac7-a0561265eb02,USER3863,750.01,gaming,2026-03-06 09:45:34.792205,Chennai,False,9,Friday,1,6.621418967254711,low,1,750.01,,999999.0,0,25,LOW
385e176c-5fe9-4e33-bc43-1ddd341189ab,USER3872,1926.15,gaming,2026-03-31 11:14:34.793662,Kolkata,False,11,Tuesday,1,7.563797506588841,medium,1,1926.15,,999999.0,0,25,LOW
8d8412d4-bffc-4c0a-98f8-e6a2b876ab63,USER3885,4815.3,electronics,2026-03-11 22:24:34.792978,Chennai,False,22,Wednesday,1,8.479761277407373,medium,1,4815.3,,999999.0,0,25,LOW
0d5ab5dc-20ba-40e9-ab0f-4f1f33a744fa,USER3891,105186.63,gaming,2026-03-24 10:39:34.799906,Unknown,True,10,Tuesday,1,11.563500986820692,very_high,1,105186.63,,999999.0,0,85,HIGH
bac8153c-0629-4ac9-89b7-8b8cb52b0de2,USER3891,1355.08,gaming,2026-04-18 18:10:34.796742,Delhi,False,18,Saturday,1,7.2123534638102305,medium,2,106541.71,2026-03-24 10:39:34.799906,36450.99994726667,0,25,LOW
4d499e55-8915-4697-ab71-9ee633da4f63,USER3903,3168.18,grocery,2026-05-07 06:59:34.793960,Bangalore,False,6,Thursday,0,8.061228158330293,medium,1,3168.18,,999999.0,0,0,LOW
dfa5ee51-709c-4c83-af53-da82e0bc46f3,USER3910,925.72,healthcare,2026-04-05 20:49:34.792272,Pune,False,20,Sunday,0,6.831651470317242,low,1,925.72,,999999.0,0,0,LOW
4a27217f-65eb-485d-9086-1a0cbbffd39d,USER3915,83610.38,gaming,2026-04-16 18:42:34.798316,Unknown,True,18,Thursday,1,11.33393491421062,very_high,1,83610.38,,999999.0,0,45,MEDIUM
314faec7-c969-49f1-a91c-df2504c0ecae,USER3929,4810.57,travel,2026-04-06 18:39:34.787439,Hyderabad,False,18,Monday,0,8.478778713168234,medium,1,4810.57,,999999.0,0,0,LOW
2c363cbe-452c-4587-962e-5cae00e830b6,USER3930,3210.03,electronics,2026-04-11 08:59:34.792547,Pune,False,8,Saturday,1,8.074347036929707,medium,1,3210.03,,999999.0,0,25,LOW
2cdbbbc0-a10d-4c2e-9f62-4ce99dedbab5,USER3950,1530.56,electronics,2026-04-18 07:40:34.790766,Kolkata,False,7,Saturday,1,7.334042102782599,medium,1,1530.56,,999999.0,0,25,LOW
a4209786-703d-40af-b2a8-397ca24b3420,USER3957,401.9,crypto,2026-04-03 19:08:34.793003,Delhi,False,19,Friday,1,5.998688392197302,low,1,401.9,,999999.0,0,25,LOW
0d182609-5aaa-49b3-aa47-e6d960f291a3,USER3960,3564.02,gaming,2026-05-07 04:29:34.792698,Chennai,False,4,Thursday,1,8.178924942930836,medium,1,3564.02,,999999.0,0,25,LOW
156cfe0e-7934-4bae-bd61-164363f59ffb,USER3972,4711.82,healthcare,2026-03-07 03:00:34.792495,Delhi,False,3,Saturday,0,8.458041733960144,medium,1,4711.82,,999999.0,0,0,LOW
6b468279-c570-4346-8af1-00dd5fa24a06,USER3982,2900.88,grocery,2026-04-11 16:44:34.788184,Unknown,False,16,Saturday,0,7.973114081796608,medium,1,2900.88,,999999.0,0,20,LOW
3a1a634e-d69e-4df7-b89f-aeb2cd05bef1,USER3984,151892.9,electronics,2026-03-09 20:10:34.800246,Unknown,True,20,Monday,1,11.930937529778827,very_high,1,151892.9,,999999.0,0,85,HIGH
0534c9c7-8352-42bf-8eed-d8137df85893,USER3990,584.59,restaurant,2026-03-18 12:04:34.793460,Hyderabad,False,12,Wednesday,0,6.3726198859985645,low,1,584.59,,999999.0,0,0,LOW
8beea83a-39d0-48e8-a453-3676ab0785f8,USER3992,179637.8,crypto,2026-04-22 22:07:34.800185,Unknown,True,22,Wednesday,1,12.098703447152642,very_high,1,179637.8,,999999.0,0,85,HIGH
13c603de-eedb-4f3c-8443-1984a7fe8192,USER4007,868.28,gaming,2026-03-26 01:51:34.790435,Delhi,False,1,Thursday,1,6.767665282803213,low,1,868.28,,999999.0,0,25,LOW
18041f18-fa2c-40b1-b13b-370b6f81d2f3,USER4012,3741.37,healthcare,2026-04-14 06:17:34.794231,Mumbai,False,6,Tuesday,0,8.227474379551525,medium,1,3741.37,,999999.0,0,0,LOW
a4ccb9bd-c0e7-4943-9bc6-4faba1d3eebb,USER4014,3626.61,gaming,2026-04-18 08:59:34.795059,Pune,False,8,Saturday,1,8.196329308213125,medium,1,3626.61,,999999.0,0,25,LOW
74eb0d46-43d2-4131-b42f-56b81fb674e2,USER4027,1466.0,restaurant,2026-04-13 19:11:34.796217,Hyderabad,False,19,Monday,0,7.290974778142981,medium,1,1466.0,,999999.0,0,0,LOW
1929baaf-c441-4985-8f6f-4c281b432b0f,USER4033,3760.82,electronics,2026-04-07 08:28:34.791055,Delhi,False,8,Tuesday,1,8.232658161826325,medium,1,3760.82,,999999.0,0,25,LOW
dd0e1339-11db-4f26-bb0f-1f5e68bf591a,USER4056,1617.04,healthcare,2026-04-22 07:04:34.795434,Delhi,False,7,Wednesday,0,7.388970819191719,medium,1,1617.04,,999999.0,0,0,LOW
72359e48-6169-4cd0-9535-a785ac026576,USER4056,3962.15,fashion,2026-05-06 03:52:34.795983,Pune,False,3,Wednesday,0,8.284794442587687,medium,2,5579.1900000000005,2026-04-22 07:04:34.795434,19968.00000915,0,0,LOW
7b6ec4ef-6437-4cad-b6de-8d1ee9208de5,USER4062,3019.73,gaming,2026-05-13 01:21:34.787666,Bangalore,False,1,Wednesday,1,8.0132538030132,medium,1,3019.73,,999999.0,0,25,LOW
489f26c1-ce01-4e9d-a94a-88980d88f3e1,USER4079,734.34,grocery,2026-03-15 08:59:34.795583,Bangalore,False,8,Sunday,0,6.600332977287377,low,1,734.34,,999999.0,0,0,LOW
7035528c-8a6f-4b14-96ed-a2521778bcfb,USER4083,3308.7,restaurant,2026-05-10 14:54:34.787414,Hyderabad,False,14,Sunday,0,8.104612829822472,medium,1,3308.7,,999999.0,0,0,LOW
c580d9cc-0eec-4c23-8b5c-9436cc4fd990,USER4109,143313.42,gaming,2026-03-06 17:37:34.799074,Unknown,True,17,Friday,1,11.872796236806636,very_high,1,143313.42,,999999.0,0,85,HIGH
a63ff269-7fb5-4341-9e2a-e0206a44d77e,USER4110,1528.97,electronics,2026-04-17 15:17:34.786883,Mumbai,False,15,Friday,1,7.333003406351108,medium,1,1528.97,,999999.0,0,25,LOW
bc00a87b-b4e3-465f-8edf-731e833a3f42,USER4123,2178.85,crypto,2026-03-22 13:46:34.797282,Pune,False,13,Sunday,1,7.687011346076352,medium,1,2178.85,,999999.0,0,25,LOW
a7b4985f-fc5e-4ac1-8112-5d969f7bf1c6,USER4123,3498.38,travel,2026-04-10 15:08:34.796347,Hyderabad,False,15,Friday,0,8.160341088928714,medium,2,5677.23,2026-03-22 13:46:34.797282,27441.999984416667,0,0,LOW
a9676256-e98f-47a1-91b9-7b83430cf220,USER4124,3340.48,restaurant,2026-05-05 11:34:34.795256,Kolkata,False,11,Tuesday,0,8.114169101597286,medium,1,3340.48,,999999.0,0,0,LOW
6e8301ae-a650-40f3-b17c-cf5c8bdb6e59,USER4125,50092.23,electronics,2026-03-29 16:26:34.797990,Unknown,True,16,Sunday,1,10.821641148201593,very_high,1,50092.23,,999999.0,0,45,MEDIUM
af18e0b9-691b-42aa-8da3-e5ceee94e17b,USER4134,2713.15,fashion,2026-03-09 14:11:34.786553,Mumbai,False,14,Monday,0,7.906234107843223,medium,1,2713.15,,999999.0,0,0,LOW
0560c790-550c-4961-ad46-87854523325b,USER4139,1869.39,healthcare,2026-03-26 05:21:34.793188,Bangalore,False,5,Thursday,0,7.533902244253555,medium,1,1869.39,,999999.0,0,0,LOW
eef0c854-4097-4292-b215-d37156716906,USER4142,3576.74,fashion,2026-05-06 13:13:34.791225,Kolkata,False,13,Wednesday,0,8.182486595134323,medium,1,3576.74,,999999.0,0,0,LOW
ecd7117c-616c-4221-ad31-45c718fffc6a,USER4170,131861.85,crypto,2026-04-22 09:21:34.798045,Unknown,True,9,Wednesday,1,11.789517646266567,very_high,1,131861.85,,999999.0,0,85,HIGH
92aeb0c1-0ec9-43d1-b33b-9f973a1ac808,USER4176,3510.27,travel,2026-04-16 14:07:34.795393,Bangalore,False,14,Thursday,0,8.163733074379447,medium,1,3510.27,,999999.0,0,0,LOW
a8c0a22f-6f40-415f-a454-10fb91d53e40,USER4190,2025.15,crypto,2026-04-08 20:38:34.792942,Hyderabad,False,20,Wednesday,1,7.613892719580327,medium,1,2025.15,,999999.0,0,25,LOW
04c5093c-1b8c-425e-b259-dbc8e0b96abc,USER4191,194205.13,crypto,2026-03-06 10:03:34.798031,Unknown,True,10,Friday,1,12.176675399737684,very_high,1,194205.13,,999999.0,0,85,HIGH
58bdfcfb-99d1-46dc-9365-c0c4f3f6894b,USER4202,1863.08,fashion,2026-04-15 18:14:34.792229,Mumbai,False,18,Wednesday,0,7.530522912779501,medium,1,1863.08,,999999.0,0,0,LOW
6ab2dd73-0e1c-4d58-b414-b2a1467b2287,USER4202,51916.73,gaming,2026-04-21 16:06:34.799590,Unknown,True,16,Tuesday,1,10.857415629312776,very_high,2,53779.810000000005,2026-04-15 18:14:34.792229,8512.000122683334,0,45,MEDIUM
f6dd11be-8224-4703-a350-457db8d743a7,USER4208,148233.75,gaming,2026-03-09 19:32:34.799022,Unknown,True,19,Monday,1,11.906552444789732,very_high,1,148233.75,,999999.0,0,85,HIGH
03362555-c804-423a-8a84-fe5831644f4b,USER4212,95.03,crypto,2026-04-10 14:58:34.796203,Bangalore,False,14,Friday,1,4.564660642649882,low,1,95.03,,999999.0,0,25,LOW
3d167bd9-432e-469b-ae33-62836bbcee3c,USER4236,448.08,grocery,2026-03-29 20:40:34.795337,Hyderabad,False,20,Sunday,0,6.107201045590578,low,1,448.08,,999999.0,0,0,LOW
300f50fd-e1e9-430f-be56-637610f3c1ab,USER4240,125188.38,crypto,2026-05-12 17:50:34.800022,Unknown,True,17,Tuesday,1,11.737582909769202,very_high,1,125188.38,,999999.0,0,85,HIGH
dd1f7c8b-bbc7-418c-86ee-e2da66cbdae0,USER4244,4091.87,gaming,2026-03-27 13:06:34.791438,Pune,False,13,Friday,1,8.317001714443895,medium,1,4091.87,,999999.0,0,25,LOW
fee3f245-8b9f-46dd-9e3b-6bb4e6993e52,USER4258,2164.83,travel,2026-03-25 20:29:34.797114,Delhi,False,20,Wednesday,0,7.680558938792869,medium,1,2164.83,,999999.0,0,0,LOW
20ed1bdd-7936-47d8-809b-072f178039a8,USER4270,293.3,healthcare,2026-03-21 05:44:34.796521,Chennai,False,5,Saturday,0,5.684599655239428,low,1,293.3,,999999.0,0,0,LOW
49ccc853-7091-4b8d-9a1c-9b787278a7e1,USER4270,306.33,travel,2026-03-22 16:05:34.789497,Hyderabad,False,16,Sunday,0,5.727922088842681,low,2,599.63,2026-03-21 05:44:34.796521,2060.999882933333,0,0,LOW
41725600-ed46-4308-a621-3bdd99f79fd6,USER4271,3082.72,electronics,2026-04-21 20:43:34.790594,Pune,False,20,Tuesday,1,8.033891939381165,medium,1,3082.72,,999999.0,0,25,LOW
83361ff9-3b06-4502-869b-b79a34794854,USER4285,1789.68,travel,2026-04-18 08:33:34.788504,Bangalore,False,8,Saturday,0,7.490350714963679,medium,1,1789.68,,999999.0,0,0,LOW
db3ba0fb-9312-4785-997e-158c23dc0823,USER4294,4917.05,crypto,2026-03-12 20:42:34.787810,Pune,False,20,Thursday,1,8.500667389458902,medium,1,4917.05,,999999.0,0,25,LOW
0bb4362f-60bc-4041-8bed-a7eb38dbf1a3,USER4322,3632.44,fashion,2026-03-17 10:33:34.791694,Kolkata,False,10,Tuesday,0,8.197935136916358,medium,1,3632.44,,999999.0,0,0,LOW
6c7ffed7-cf5a-497e-b93a-b1ca3beac9ff,USER4330,3939.63,gaming,2026-03-25 18:32:34.787899,Kolkata,False,18,Wednesday,1,8.279095887986738,medium,1,3939.63,,999999.0,0,25,LOW
5f8a5593-bce4-4d8d-a014-327730c7b7d8,USER4330,2696.27,restaurant,2026-04-09 04:06:34.788452,Hyderabad,False,4,Thursday,0,7.89999542936364,medium,2,6635.9,2026-03-25 18:32:34.787899,20734.000009216667,0,0,LOW
99262793-770e-45bf-8867-ab447299503d,USER4370,70.13,travel,2026-03-06 14:14:34.789544,Kolkata,False,14,Friday,0,4.264509188745424,low,1,70.13,,999999.0,0,0,LOW
bbad6509-28ce-470e-b5ca-cdb844e9c5cc,USER4372,4475.37,restaurant,2026-04-06 11:52:34.796797,Pune,False,11,Monday,0,8.406567729107458,medium,1,4475.37,,999999.0,0,0,LOW
337718a8-2afa-4843-82a5-47c6920436d1,USER4376,2030.78,healthcare,2026-05-14 07:46:34.793071,Delhi,False,7,Thursday,0,7.616667535120465,medium,1,2030.78,,999999.0,0,0,LOW
3d1dff2c-ef9f-46a7-b0f6-5e28fa9a1faf,USER4383,721.05,travel,2026-03-25 05:50:34.790017,Bangalore,False,5,Wednesday,0,6.582094388572574,low,1,721.05,,999999.0,0,0,LOW
a19d7295-f63e-4451-92fc-ddbc31140351,USER4383,159742.4,electronics,2026-04-30 11:02:34.797947,Unknown,True,11,Thursday,1,11.98132405683232,very_high,2,160463.44999999998,2026-03-25 05:50:34.790017,52152.00013216666,0,85,HIGH
8178adaa-4212-4b5e-8b2c-0f400d574c1d,USER4390,1366.03,healthcare,2026-03-14 14:33:34.787188,Chennai,False,14,Saturday,0,7.220395782350004,medium,1,1366.03,,999999.0,0,0,LOW
f19a281f-72c8-4a96-93d0-8106e9557122,USER4417,1897.66,travel,2026-03-30 22:06:34.796729,Pune,False,22,Monday,0,7.548903653181583,medium,1,1897.66,,999999.0,0,0,LOW
17d1286c-7cf4-4a4c-86f9-15aadda04158,USER4424,190.63,electronics,2026-03-11 06:55:34.791624,Unknown,False,6,Wednesday,1,5.255566429480404,low,1,190.63,,999999.0,0,45,MEDIUM
ffe190b0-30c8-49cd-bbef-6d721c639fe9,USER4431,2216.61,restaurant,2026-04-05 09:48:34.787294,Hyderabad,False,9,Sunday,0,7.704185318364926,medium,1,2216.61,,999999.0,0,0,LOW
6179cf55-d634-491c-9529-90d78ede8d58,USER4433,637.16,crypto,2026-03-30 10:56:34.790676,Bangalore,False,10,Monday,1,6.458589035602874,low,1,637.16,,999999.0,0,25,LOW
a18ab0ee-4090-4805-8b2a-2d6851f2d1c6,USER4451,1834.69,crypto,2026-04-02 08:53:34.790204,Hyderabad,False,8,Thursday,1,7.515175711608556,medium,1,1834.69,,999999.0,0,25,LOW
c0a0c159-fa72-4347-81a1-4945e70c52fd,USER4458,1805.22,grocery,2026-03-10 07:47:34.796821,Unknown,False,7,Tuesday,0,7.498991542726271,medium,1,1805.22,,999999.0,0,20,LOW
8d4fdd8e-7a5e-4a9f-9c3b-3d20b888d208,USER4468,3534.41,grocery,2026-03-09 20:10:34.790993,Kolkata,False,20,Monday,0,8.170584554632036,medium,1,3534.41,,999999.0,0,0,LOW
9cd3185a-107d-4738-a093-662c488bc25c,USER4473,3536.45,crypto,2026-03-13 06:41:34.790737,Hyderabad,False,6,Friday,1,8.171161407575985,medium,1,3536.45,,999999.0,0,25,LOW
69d5ef1e-0938-4fc2-9941-32459c473f95,USER4477,897.9,travel,2026-04-01 06:32:34.793121,Chennai,False,6,Wednesday,0,6.801171793579353,low,1,897.9,,999999.0,0,0,LOW
09f5b02e-87aa-4e7f-84be-a7e21bb823c4,USER4484,777.89,fashion,2026-05-14 00:22:34.791291,Bangalore,False,0,Thursday,0,6.657869829224922,low,1,777.89,,999999.0,0,0,LOW
42ee817b-be84-4bb5-8a88-8c31394c40ac,USER4496,441.64,crypto,2026-05-11 23:50:34.788361,Chennai,False,23,Monday,1,6.092756798589854,low,1,441.64,,999999.0,0,25,LOW
6a55d19d-e01b-4def-868e-a8382cc7c95d,USER4506,4020.48,gaming,2026-03-29 05:38:34.788014,Bangalore,False,5,Sunday,1,8.299405273063076,medium,1,4020.48,,999999.0,0,25,LOW
53ce6f07-0c74-4288-97db-906d7cc16e38,USER4508,132836.84,gaming,2026-03-27 11:44:34.799662,Unknown,True,11,Friday,1,11.796884415195883,very_high,1,132836.84,,999999.0,0,85,HIGH
4d9910d1-ec88-442d-92d0-d664d63255f1,USER4512,2137.58,gaming,2026-04-30 18:00:34.795022,Mumbai,False,18,Thursday,1,7.66789733636636,medium,1,2137.58,,999999.0,0,25,LOW
d653aebf-affe-478a-8255-b6e56187b6f1,USER4519,57362.56,electronics,2026-03-23 10:16:34.799648,Unknown,True,10,Monday,1,10.95716453750381,very_high,1,57362.56,,999999.0,0,45,MEDIUM
30c8a30a-7a45-4d1c-b36d-6fd33c700204,USER4549,171864.93,gaming,2026-05-02 16:58:34.798730,Unknown,True,16,Saturday,1,12.054469975101448,very_high,1,171864.93,,999999.0,0,85,HIGH
629fa994-4a85-4e37-8c75-b890519d7822,USER4562,98.09,gaming,2026-04-20 01:48:34.788541,Hyderabad,False,1,Monday,1,4.596028528070808,low,1,98.09,,999999.0,0,25,LOW
e3919958-b955-4a04-ad51-dd1dfe3bb99d,USER4563,1759.96,fashion,2026-03-16 14:58:34.789897,Unknown,False,14,Monday,0,7.473614393871394,medium,1,1759.96,,999999.0,0,20,LOW
f0c6ab30-58b7-4e63-a86b-68292497bd8b,USER4571,1204.88,grocery,2026-03-13 17:03:34.795937,Bangalore,False,17,Friday,0,7.094964869848868,medium,1,1204.88,,999999.0,0,0,LOW
2d3ee18b-3c6b-43ca-af35-6ee3957c73e3,USER4573,4013.94,grocery,2026-05-11 20:45:34.792030,Kolkata,False,20,Monday,0,8.29777768230905,medium,1,4013.94,,999999.0,0,0,LOW
d851a0d9-6f8f-4ddf-bac4-479cdf209795,USER4602,403.81,gaming,2026-03-25 04:22:34.787925,Pune,False,4,Wednesday,1,6.00341782122544,low,1,403.81,,999999.0,0,25,LOW
765c6914-c940-45ad-95c0-d1f081f831c7,USER4640,2524.66,grocery,2026-05-06 15:21:34.792192,Hyderabad,False,15,Wednesday,0,7.834257693692669,medium,1,2524.66,,999999.0,0,0,LOW
356e44e5-eb50-4893-a4f1-98ffe86b5408,USER4641,2183.16,grocery,2026-05-07 05:37:34.786908,Unknown,False,5,Thursday,0,7.688986594254668,medium,1,2183.16,,999999.0,0,20,LOW
3c200c89-9031-4442-ab96-fc5df48d92b9,USER4653,3383.97,travel,2026-03-23 19:17:34.791783,Bangalore,False,19,Monday,0,8.127100322677855,medium,1,3383.97,,999999.0,0,0,LOW
80f76c42-0d38-40e2-8ead-2ea57a8086fe,USER4659,120237.24,electronics,2026-03-14 17:39:34.797619,Unknown,True,17,Saturday,1,11.697230386927846,very_high,1,120237.24,,999999.0,0,85,HIGH
e7913762-dcc2-4893-8327-3934dfa132e5,USER4664,567.5,healthcare,2026-04-17 06:24:34.786584,Unknown,False,6,Friday,0,6.343001313190591,low,1,567.5,,999999.0,0,20,LOW
0a487d33-e186-40fa-b0ab-1c9fc46cf91e,USER4674,1920.2,crypto,2026-05-02 01:11:34.796410,Pune,False,1,Saturday,1,7.560705269790669,medium,1,1920.2,,999999.0,0,25,LOW
9088098b-ebbf-4535-ba72-9f4b7852a0e9,USER4676,1612.06,grocery,2026-04-14 01:34:34.789639,Chennai,False,1,Tuesday,0,7.385888275201523,medium,1,1612.06,,999999.0,0,0,LOW
6a25d7dd-a129-40fc-9837-1401ac379a36,USER4680,175.52,travel,2026-03-31 21:30:34.794788,Pune,False,21,Tuesday,0,5.173434184401347,low,1,175.52,,999999.0,0,0,LOW
800f2245-ac16-4501-9edc-7866ce74d545,USER4690,160048.64,gaming,2026-03-30 18:01:34.797568,Unknown,True,18,Monday,1,11.983239296098384,very_high,1,160048.64,,999999.0,0,85,HIGH
79c098a2-7458-4261-b1f1-c9ca282846ce,USER4717,104604.07,crypto,2026-05-03 05:37:34.798993,Unknown,True,5,Sunday,1,11.5579472998016,very_high,1,104604.07,,999999.0,0,85,HIGH
e2a5b5c8-ee17-4800-9abc-09bfb8fb355b,USER4730,471.67,crypto,2026-05-13 22:42:34.788783,Unknown,False,22,Wednesday,1,6.158397470585275,low,1,471.67,,999999.0,0,45,MEDIUM
e748c0a2-a5f5-45fa-8947-5789771ea928,USER4736,3545.91,grocery,2026-04-06 11:53:34.787573,Kolkata,False,11,Monday,0,8.17383208089659,medium,1,3545.91,,999999.0,0,0,LOW
cd53fb01-d956-4f01-8850-be536f9ce436,USER4750,1665.86,electronics,2026-05-12 07:50:34.791042,Mumbai,False,7,Tuesday,1,7.418696896020648,medium,1,1665.86,,999999.0,0,25,LOW
df815653-fcdb-4c46-ac16-7ff3a59dfb07,USER4757,1197.22,gaming,2026-05-11 17:40:34.794345,Pune,False,17,Monday,1,7.088592401214743,medium,1,1197.22,,999999.0,0,25,LOW
efa1dbba-8f35-43dc-820a-6b0f477aae48,USER4762,159100.72,gaming,2026-03-19 00:13:34.799147,Unknown,True,0,Thursday,1,11.977299025078253,very_high,1,159100.72,,999999.0,0,85,HIGH
c3391212-efa9-4390-a17c-052f67515f0e,USER4768,4973.29,electronics,2026-04-03 21:12:34.790411,Mumbai,False,21,Friday,1,8.512037925840303,medium,1,4973.29,,999999.0,0,25,LOW
5926be83-bafd-4ff6-8988-f979059a370f,USER4775,136100.0,electronics,2026-04-27 22:26:34.798377,Unknown,True,22,Monday,1,11.82115253615114,very_high,1,136100.0,,999999.0,0,85,HIGH
f43745e4-591c-40fd-b85f-b3d52c29f49c,USER4780,64413.29,gaming,2026-04-26 12:19:34.798903,Unknown,True,12,Sunday,1,11.07309078188746,very_high,1,64413.29,,999999.0,0,45,MEDIUM
41bc1986-d0ba-43a5-9085-4f5714b2c4a7,USER4784,1066.75,gaming,2026-03-12 13:21:34.795925,Bangalore,False,13,Thursday,1,6.973308909721576,medium,1,1066.75,,999999.0,0,25,LOW
a176b980-3422-44cf-bac4-db9973a23050,USER4795,4503.6,grocery,2026-04-17 00:43:34.789612,Delhi,False,0,Friday,0,8.412854375867278,medium,1,4503.6,,999999.0,0,0,LOW
8ce5c51e-32c6-40b2-9b7b-0094ca97b645,USER4827,3856.92,restaurant,2026-03-31 03:22:34.792394,Pune,False,3,Tuesday,0,8.257883457117966,medium,1,3856.92,,999999.0,0,0,LOW
bcf18079-555c-4c5d-b627-846e37e84b30,USER4830,4973.23,healthcare,2026-05-02 18:55:34.786480,Delhi,False,18,Saturday,0,8.512025863744634,medium,1,4973.23,,999999.0,0,0,LOW
a0d81e9f-e58a-4263-8773-2066cc7883e6,USER4845,1426.74,crypto,2026-03-26 19:33:34.795243,Kolkata,False,19,Thursday,1,7.263848053493128,medium,1,1426.74,,999999.0,0,25,LOW
510b83dc-8631-4c4f-bb65-1b44ccf49d3e,USER4845,1933.54,healthcare,2026-05-08 08:34:34.796113,Delhi,False,8,Friday,0,7.567624851104363,medium,2,3360.28,2026-03-26 19:33:34.795243,61261.0000145,0,0,LOW
477daf3e-c874-4be0-b050-c2a5dafdfda7,USER4855,1878.53,gaming,2026-05-01 19:16:34.791976,Hyderabad,False,19,Friday,1,7.538777024568786,medium,1,1878.53,,999999.0,0,25,LOW
98e882d3-70cd-4b0c-847e-71b200208516,USER4867,1619.62,healthcare,2026-03-27 18:49:34.793133,Delhi,False,18,Friday,0,7.390564071058705,medium,1,1619.62,,999999.0,0,0,LOW
18f5fa4e-c284-4815-bf56-5285c289dad3,USER4875,3865.88,gaming,2026-03-23 13:43:34.788711,Unknown,False,13,Monday,1,8.260203259318198,medium,1,3865.88,,999999.0,0,45,MEDIUM
57cfeaa1-7769-4a67-897e-e6dfe369e27a,USER4878,1423.62,electronics,2026-03-08 22:57:34.789067,Kolkata,False,22,Sunday,1,7.261660390474207,medium,1,1423.62,,999999.0,0,25,LOW
41ee1f15-64c3-4df1-8db3-77607c1de5e1,USER4887,482.79,gaming,2026-04-30 23:38:34.791989,Chennai,False,23,Thursday,1,6.181650928264084,low,1,482.79,,999999.0,0,25,LOW
52129d5c-cb17-42a2-b539-c0148c2d5206,USER4899,825.64,gaming,2026-03-08 23:39:34.789164,Unknown,False,23,Sunday,1,6.7173692919061,low,1,825.64,,999999.0,0,45,MEDIUM
d9e481d9-0abd-42f2-ab48-03b900a94a4c,USER4902,1321.78,electronics,2026-04-08 04:52:34.793108,Delhi,False,4,Wednesday,1,7.187490861549733,medium,1,1321.78,,999999.0,0,25,LOW
8076bb5d-cf53-435c-a77b-663046eaa857,USER4902,3456.82,grocery,2026-05-02 14:13:34.796549,Kolkata,False,14,Saturday,0,8.148393611678472,medium,2,4778.6,2026-04-08 04:52:34.793108,35121.00005735,0,0,LOW
5616c534-b7c8-4ac4-bd7e-d3b8c9b5b7fa,USER4903,906.16,crypto,2026-04-22 06:37:34.786753,Mumbai,False,6,Wednesday,1,6.810318840290662,low,1,906.16,,999999.0,0,25,LOW
1f094295-b37e-4f50-a383-b68ed955ae02,USER4914,4655.57,healthcare,2026-03-13 19:51:34.790387,Pune,False,19,Friday,0,8.446034404598642,medium,1,4655.57,,999999.0,0,0,LOW
da463154-2e66-4a73-a063-4437dc617b28,USER4919,4798.21,grocery,2026-04-18 10:26:34.790916,Pune,False,10,Saturday,0,8.476206600017326,medium,1,4798.21,,999999.0,0,0,LOW
ca2f02fb-0a63-460f-8d28-3bf4625968ac,USER4923,97721.47,gaming,2026-05-12 16:20:34.799389,Unknown,True,16,Tuesday,1,11.489886801351869,very_high,1,97721.47,,999999.0,0,45,MEDIUM
7153f449-7308-409e-b375-75d7931daa60,USER4941,2731.08,electronics,2026-04-18 08:18:34.790554,Delhi,False,8,Saturday,1,7.912818502838821,medium,1,2731.08,,999999.0,0,25,LOW
4c44cae9-8c4b-4a10-aa04-4f24e076d899,USER4951,1134.3,gaming,2026-03-18 21:44:34.790580,Bangalore,False,21,Wednesday,1,7.034652212170488,medium,1,1134.3,,999999.0,0,25,LOW
954eb78e-c2c9-442d-95e5-e92a49b58f78,USER4954,173704.08,electronics,2026-05-09 10:32:34.797529,Unknown,True,10,Saturday,1,12.065114197627684,very_high,1,173704.08,,999999.0,0,85,HIGH
4913f074-c23f-4225-9ea9-605e1fe1e9b0,USER4969,3178.43,crypto,2026-04-30 18:57:34.787239,Delhi,False,18,Thursday,1,8.064457214424849,medium,1,3178.43,,999999.0,0,25,LOW
5ba27c50-4ae7-4c95-a894-31dae68be3e2,USER4977,4893.96,crypto,2026-05-09 19:20:34.797126,Unknown,False,19,Saturday,1,8.495961383327545,medium,1,4893.96,,999999.0,0,45,MEDIUM
95320577-4d11-480f-aa43-1a6c24eb7384,USER4979,1918.49,restaurant,2026-04-16 10:06:34.787709,Hyderabad,False,10,Thursday,0,7.559814804737258,medium,1,1918.49,,999999.0,0,0,LOW
0436aa53-9d1c-41b7-92b0-5f948043a53d,USER4980,4328.61,gaming,2026-05-08 07:34:34.793095,Unknown,False,7,Friday,1,8.373232747655988,medium,1,4328.61,,999999.0,0,45,MEDIUM
4533aa58-102c-408b-9e38-789ca27f46ac,USER4982,1492.3,electronics,2026-04-03 06:14:34.793998,Delhi,False,6,Friday,1,7.308743715063223,medium,1,1492.3,,999999.0,0,25,LOW
0e1bec80-5379-4d1b-878f-0cb5570c42e8,USER5002,4739.36,grocery,2026-03-12 21:42:34.787268,Bangalore,False,21,Thursday,0,8.463868361172203,medium,1,4739.36,,999999.0,0,0,LOW
59cc63dd-56ba-47b7-a146-a961d9ae48a2,USER5006,4230.44,travel,2026-04-15 12:36:34.793650,Bangalore,False,12,Wednesday,0,8.350297639640614,medium,1,4230.44,,999999.0,0,0,LOW
80107931-46de-4919-869b-006870887a12,USER5007,3506.24,grocery,2026-04-01 04:50:34.791450,Bangalore,False,4,Wednesday,0,8.162584682358093,medium,1,3506.24,,999999.0,0,0,LOW
1c31cbd6-194f-4f90-bd75-84bbcb6f426c,USER5008,92378.77,gaming,2026-04-10 03:14:34.798075,Unknown,True,3,Friday,1,11.433663294265108,very_high,1,92378.77,,999999.0,0,45,MEDIUM
ea3dd451-4bd0-4b6f-b68e-f778e7598d4b,USER5021,2302.64,crypto,2026-04-05 04:42:34.794010,Chennai,False,4,Sunday,1,7.742245759607479,medium,1,2302.64,,999999.0,0,25,LOW
58668c65-bdcf-4e84-8147-ae7cd676c121,USER5023,2151.24,crypto,2026-04-16 16:07:34.791545,Mumbai,False,16,Thursday,1,7.674264439226887,medium,1,2151.24,,999999.0,0,25,LOW
733ae92a-ceb8-446f-b2a6-e2276e41bd65,USER5031,277.27,crypto,2026-03-17 15:03:34.787654,Pune,False,15,Tuesday,1,5.628591865380296,low,1,277.27,,999999.0,0,25,LOW
501a1b94-f26d-4878-842b-a0282cfbea44,USER5039,2049.29,fashion,2026-04-04 21:47:34.790502,Delhi,False,21,Saturday,0,7.625736525542083,medium,1,2049.29,,999999.0,0,0,LOW
fbbcbe3e-4f92-49ae-9a6c-a3302f46a7a7,USER5058,1140.01,restaurant,2026-05-06 22:48:34.791913,Hyderabad,False,22,Wednesday,0,7.039669114065563,medium,1,1140.01,,999999.0,0,0,LOW
d5f6aa6e-ad42-4dbf-bfd8-d3cac2352b9d,USER5062,1182.77,crypto,2026-04-23 00:21:34.790129,Unknown,False,0,Thursday,1,7.076459539816907,medium,1,1182.77,,999999.0,0,45,MEDIUM
4d671899-3f68-4f94-9d43-020a02ed820a,USER5076,4140.84,grocery,2026-04-09 19:05:34.796886,Mumbai,False,19,Thursday,0,8.328895412527627,medium,1,4140.84,,999999.0,0,0,LOW
6e059ea7-0f35-480e-b1b7-f84aa9faae40,USER5081,139781.22,crypto,2026-05-01 14:50:34.800099,Unknown,True,14,Friday,1,11.847840919005444,very_high,1,139781.22,,999999.0,0,85,HIGH
0ea4b75c-4983-4f4c-9b6b-f7ef094ab299,USER5086,127704.75,gaming,2026-04-05 13:23:34.798257,Unknown,True,13,Sunday,1,11.757484068414914,very_high,1,127704.75,,999999.0,0,85,HIGH
ade52d4c-04ed-4018-a314-32f0eb55b253,USER5088,3125.51,fashion,2026-05-04 18:07:34.792530,Mumbai,False,18,Monday,0,8.047672645466974,medium,1,3125.51,,999999.0,0,0,LOW
9f4caed4-71ac-4675-861d-4722f9c8ea5e,USER5096,3746.82,grocery,2026-04-11 11:00:34.787747,Bangalore,False,11,Saturday,0,8.228929616591385,medium,1,3746.82,,999999.0,0,0,LOW
4154b92a-7c25-4002-8e94-088567b5d7fc,USER5097,42.35,travel,2026-05-05 16:17:34.788608,Bangalore,False,16,Tuesday,0,3.769306703226551,low,1,42.35,,999999.0,0,0,LOW
60c18af0-a8e1-40b4-aa3b-6f6dcba6ba71,USER5099,139084.75,electronics,2026-03-30 16:27:34.800275,Unknown,True,16,Monday,1,11.842845928379074,very_high,1,139084.75,,999999.0,0,85,HIGH
8cc764e1-9516-4c50-b75f-93e1274a6a25,USER5103,265.0,gaming,2026-03-22 11:03:34.792572,Kolkata,False,11,Sunday,1,5.583496308781699,low,1,265.0,,999999.0,0,25,LOW
87d8e7b9-4fe2-490f-ab26-e3521e5909a7,USER5114,443.78,fashion,2026-04-07 07:25:34.797077,Mumbai,False,7,Tuesday,0,6.097579777896684,low,1,443.78,,999999.0,0,0,LOW
6885196c-5f9b-4ed4-9023-90835749bcdb,USER5128,4487.56,electronics,2026-04-08 07:27:34.790489,Pune,False,7,Wednesday,1,8.409287216602108,medium,1,4487.56,,999999.0,0,25,LOW
5025d3ae-1fa9-4743-b554-48b96a67aa93,USER5140,2680.19,healthcare,2026-05-12 12:08:34.793736,Hyderabad,False,12,Tuesday,0,7.894016004803567,medium,1,2680.19,,999999.0,0,0,LOW
2c4c5839-5c29-4bba-8fab-25c3d2390379,USER5155,2474.76,travel,2026-03-19 10:47:34.789792,Mumbai,False,10,Thursday,0,7.814302698573301,medium,1,2474.76,,999999.0,0,0,LOW
e008ee47-a6dc-45f7-bb7a-743d142623a2,USER5157,763.98,travel,2026-03-21 04:02:34.794595,Delhi,False,4,Saturday,0,6.639849689693931,low,1,763.98,,999999.0,0,0,LOW
169d364d-90bc-41b8-94d5-785ed495f306,USER5160,2630.26,fashion,2026-03-20 20:59:34.794193,Delhi,False,20,Friday,0,7.87521809789853,medium,1,2630.26,,999999.0,0,0,LOW
f9973b3d-8b54-48c2-a832-0db36228660e,USER5165,2817.65,gaming,2026-03-28 03:42:34.794970,Bangalore,False,3,Saturday,1,7.944013325903271,medium,1,2817.65,,999999.0,0,25,LOW
9d674396-ebd0-4c45-9ea4-6730cb1e7416,USER5178,1517.32,fashion,2026-03-18 07:36:34.789346,Kolkata,False,7,Wednesday,0,7.325359739428664,medium,1,1517.32,,999999.0,0,0,LOW
da7787d4-7a75-480b-964b-85ddfabce8d3,USER5178,1927.71,electronics,2026-03-23 00:52:34.791611,Mumbai,False,0,Monday,1,7.564606664641839,medium,2,3445.03,2026-03-18 07:36:34.789346,6796.00003775,0,25,LOW
75b53052-27fe-447a-93f6-ec16ff42f645,USER5180,4389.54,travel,2026-04-07 17:20:34.792862,Hyderabad,False,17,Tuesday,0,8.38720750533821,medium,1,4389.54,,999999.0,0,0,LOW
a8ccf23a-bf52-4897-82a5-dd1c8d399cf2,USER5184,2170.39,healthcare,2026-03-08 19:47:34.786854,Chennai,False,19,Sunday,0,7.683122794463393,medium,1,2170.39,,999999.0,0,0,LOW
bd7d33e2-077b-4a6c-bfb4-6566571b1089,USER5199,4871.75,gaming,2026-03-27 06:27:34.791532,Kolkata,False,6,Friday,1,8.49141373842875,medium,1,4871.75,,999999.0,0,25,LOW
389ccdb2-c5d2-4357-8fc1-790a92245d59,USER5221,3218.24,restaurant,2026-03-22 04:06:34.793016,Unknown,False,4,Sunday,0,8.076900585835487,medium,1,3218.24,,999999.0,0,20,LOW
53ad6714-b5ec-4212-8899-424d380546ef,USER5231,68955.47,gaming,2026-04-11 02:42:34.798615,Unknown,True,2,Saturday,1,11.14123071493224,very_high,1,68955.47,,999999.0,0,45,MEDIUM
b53491a8-a84c-4fe9-b650-38e0ab464815,USER5249,1718.52,restaurant,2026-03-08 18:16:34.790423,Kolkata,False,18,Sunday,0,7.449800461092843,medium,1,1718.52,,999999.0,0,0,LOW
1c7b3ccd-97eb-4233-ad6d-136e75d3afec,USER5276,4075.78,gaming,2026-03-26 19:08:34.790339,Pune,False,19,Thursday,1,8.313062740117278,medium,1,4075.78,,999999.0,0,25,LOW
17bd59bd-e73c-45da-ad14-54ebe949e087,USER5290,2592.55,crypto,2026-04-06 07:30:34.796635,Hyderabad,False,7,Monday,1,7.8607828725722655,medium,1,2592.55,,999999.0,0,25,LOW
857c60c3-fc68-4895-981d-151062956354,USER5294,2228.9,electronics,2026-03-24 22:11:34.792457,Bangalore,False,22,Tuesday,1,7.709712020399357,medium,1,2228.9,,999999.0,0,25,LOW
5b402afc-468c-4c49-b4f2-dc3bf31c2178,USER5304,167379.28,electronics,2026-03-09 09:01:34.798392,Unknown,True,9,Monday,1,12.028023628425707,very_high,1,167379.28,,999999.0,0,85,HIGH
8f3a627e-f227-42a5-8d49-d076a889120d,USER5307,4413.77,gaming,2026-04-05 19:13:34.787721,Unknown,False,19,Sunday,1,8.392711016550825,medium,1,4413.77,,999999.0,0,45,MEDIUM
89fb45f5-7370-4507-8c09-d80d88be32e1,USER5314,2452.95,travel,2026-04-29 01:28:34.788966,Kolkata,False,1,Wednesday,0,7.80545425016516,medium,1,2452.95,,999999.0,0,0,LOW
56347a54-de19-4825-bf12-79a575c855cf,USER5315,3569.1,electronics,2026-03-13 15:18:34.797101,Pune,False,15,Friday,1,8.18034888558586,medium,1,3569.1,,999999.0,0,25,LOW
6cc3ba55-9cda-4631-9d7b-f6a8aa11c81c,USER5323,138790.75,crypto,2026-05-14 13:16:34.800530,Unknown,True,13,Thursday,1,11.840729887247983,very_high,1,138790.75,,999999.0,0,85,HIGH
b315d28d-2b62-4dcd-b4f7-05859906add5,USER5337,322.08,gaming,2026-03-23 15:44:34.794552,Mumbai,False,15,Monday,1,5.777899970574095,low,1,322.08,,999999.0,0,25,LOW
1574aed4-7c2d-4434-80a9-9c00bd6962c0,USER5343,1346.16,gaming,2026-04-07 09:45:34.795273,Pune,False,9,Tuesday,1,7.205753951835868,medium,1,1346.16,,999999.0,0,25,LOW
8eae87a1-aa81-4266-8c13-a19afb962c03,USER5345,63936.05,crypto,2026-04-10 07:28:34.800040,Unknown,True,7,Friday,1,11.065654284546047,very_high,1,63936.05,,999999.0,0,45,MEDIUM
1e71b708-57f1-4347-ab59-3f5fa1b5307b,USER5349,3866.27,electronics,2026-05-06 16:49:34.792055,Pune,False,16,Wednesday,1,8.26030411073699,medium,1,3866.27,,999999.0,0,25,LOW
61b5890e-3680-4d3c-8052-173f4e81c247,USER5376,2706.61,gaming,2026-04-18 07:24:34.791809,Chennai,False,7,Saturday,1,7.9038216059353585,medium,1,2706.61,,999999.0,0,25,LOW
8666c856-e37c-42e7-82ce-babb68b74021,USER5380,184494.16,gaming,2026-03-21 04:59:34.798194,Unknown,True,4,Saturday,1,12.125378509056295,very_high,1,184494.16,,999999.0,0,85,HIGH
44cb1a8a-dbd8-4e3d-8a2b-b236f2bbd548,USER5381,1688.27,healthcare,2026-04-15 19:48:34.794462,Hyderabad,False,19,Wednesday,0,7.432051761935972,medium,1,1688.27,,999999.0,0,0,LOW
c98bcd41-1181-4f48-9f0a-aed9747004c5,USER5392,4349.64,healthcare,2026-04-06 17:29:34.789091,Kolkata,False,17,Monday,0,8.378078239697478,medium,1,4349.64,,999999.0,0,0,LOW
349973e5-bd88-44f4-b4f9-c50c4d9031f2,USER5393,3006.74,electronics,2026-04-04 08:46:34.786625,Hyderabad,False,8,Saturday,1,8.008944245163697,medium,1,3006.74,,999999.0,0,25,LOW
d759c71a-2895-440d-b433-de495fd1fe0c,USER5408,170453.75,gaming,2026-04-09 08:41:34.798017,Unknown,True,8,Thursday,1,12.046225144587558,very_high,1,170453.75,,999999.0,0,85,HIGH
a781ef54-a5cb-4c57-b671-cf405c092ec9,USER5441,510.24,travel,2026-03-08 07:42:34.795996,Pune,False,7,Sunday,0,6.236839147263514,low,1,510.24,,999999.0,0,0,LOW
7073947e-447e-4ae2-ae25-e86c155f9172,USER5468,2027.47,travel,2026-04-22 17:09:34.797252,Bangalore,False,17,Wednesday,0,7.615037093283997,medium,1,2027.47,,999999.0,0,0,LOW
ab5db6e4-48c9-4529-8dd9-91cb243e307a,USER5475,1852.78,crypto,2026-05-03 01:27:34.793300,Pune,False,1,Sunday,1,7.524982076733194,medium,1,1852.78,,999999.0,0,25,LOW
ae11a76b-497d-4198-9784-0a69cfd674dd,USER5486,2303.15,healthcare,2026-03-14 01:41:34.790375,Kolkata,False,1,Saturday,0,7.742467123863264,medium,1,2303.15,,999999.0,0,0,LOW
4de19ee0-0d6b-44a8-bfb8-92b54ad6ec88,USER5532,4167.21,healthcare,2026-03-28 08:30:34.788076,Delhi,False,8,Saturday,0,8.335241966041137,medium,1,4167.21,,999999.0,0,0,LOW
af48a400-eac1-4d6f-a1d5-bb54d052a3ab,USER5546,4625.27,restaurant,2026-04-19 22:50:34.794130,Mumbai,False,22,Sunday,0,8.439506206846925,medium,1,4625.27,,999999.0,0,0,LOW
2f6d65de-c2f2-49b3-a1a1-f3de836b44d0,USER5554,3672.63,grocery,2026-04-19 19:40:34.789233,Unknown,False,19,Sunday,0,8.208935553028155,medium,1,3672.63,,999999.0,0,20,LOW
784aa14a-dea4-4950-918e-3a65b82e432a,USER5571,393.4,travel,2026-03-16 05:55:34.791730,Kolkata,False,5,Monday,0,5.97736562272848,low,1,393.4,,999999.0,0,0,LOW
a4456a35-7301-43a9-b305-26ec6a64bf01,USER5576,53943.63,crypto,2026-04-18 02:24:34.799575,Unknown,True,2,Saturday,1,10.895713429124214,very_high,1,53943.63,,999999.0,0,45,MEDIUM
30d58752-e91a-4721-9ef4-534c6ac8b4b0,USER5580,186971.51,electronics,2026-03-26 06:32:34.798272,Unknown,True,6,Thursday,1,12.138716879682786,very_high,1,186971.51,,999999.0,0,85,HIGH
c4a39d5d-f4cf-4ca2-b07b-6210c2ee19b8,USER5584,4563.56,fashion,2026-04-18 14:03:34.790154,Delhi,False,14,Saturday,0,8.426077402841516,medium,1,4563.56,,999999.0,0,0,LOW
2b740972-d031-4a58-97da-23d695dc58df,USER5584,196224.05,crypto,2026-04-18 15:43:34.800477,Unknown,True,15,Saturday,1,12.187017493804513,very_high,2,200787.61,2026-04-18 14:03:34.790154,100.00017205,0,85,HIGH
504baf0f-ac59-465c-99dd-09262c6af238,USER5585,142412.72,crypto,2026-04-17 06:58:34.797587,Unknown,True,6,Friday,1,11.866491621633418,very_high,1,142412.72,,999999.0,0,85,HIGH
d4dcc4a7-fdcf-4112-96c0-c305efe7c317,USER5599,4791.28,travel,2026-03-08 21:36:34.793826,Kolkata,False,21,Sunday,0,8.47476156880614,medium,1,4791.28,,999999.0,0,0,LOW
38461a0d-defc-4a2c-b95f-149a94163e05,USER5603,3738.02,electronics,2026-03-12 22:05:34.787226,Delhi,False,22,Thursday,1,8.22657882398661,medium,1,3738.02,,999999.0,0,25,LOW
2e24c222-d1fd-4f31-948a-603d1232e115,USER5616,1727.7,electronics,2026-04-09 14:27:34.789322,Hyderabad,False,14,Thursday,1,7.455124959928741,medium,1,1727.7,,999999.0,0,25,LOW
516dcd18-799b-463e-933f-e1a4f937b7d0,USER5639,128.6,crypto,2026-03-14 16:35:34.791963,Hyderabad,False,16,Saturday,1,4.864452783918174,low,1,128.6,,999999.0,0,25,LOW
46490bf5-641d-41b6-87b1-b2bd75c878d3,USER5644,1182.72,travel,2026-03-27 06:39:34.788915,Hyderabad,False,6,Friday,0,7.076417300990126,medium,1,1182.72,,999999.0,0,0,LOW
bb3ae931-8e2c-4155-ae48-eac93088e0b6,USER5650,3258.18,healthcare,2026-05-10 19:21:34.792289,Hyderabad,False,19,Sunday,0,8.089230908978504,medium,1,3258.18,,999999.0,0,0,LOW
ca7cc8cb-661a-4aeb-9690-28788ee4ed14,USER5674,533.36,grocery,2026-04-27 18:49:34.795160,Unknown,False,18,Monday,0,6.281069769121611,low,1,533.36,,999999.0,0,20,LOW
31b96f6c-2785-4314-8fb2-5766bfdbfbd3,USER5676,3587.04,restaurant,2026-03-22 10:18:34.792141,Unknown,False,10,Sunday,0,8.185361371388563,medium,1,3587.04,,999999.0,0,20,LOW
b1d6891a-ef14-48e0-bb8e-199f3bf8b2d2,USER5708,1978.27,electronics,2026-03-21 23:26:34.793316,Mumbai,False,23,Saturday,1,7.59048336883818,medium,1,1978.27,,999999.0,0,25,LOW
57bbf27b-88d8-4901-85c6-aef0af381cde,USER5713,345.09,travel,2026-04-16 19:46:34.787465,Unknown,False,19,Thursday,0,5.846698856840462,low,1,345.09,,999999.0,0,20,LOW
8d678bfa-64bb-493d-bd42-8b9dd1621620,USER5713,20.24,electronics,2026-04-21 06:03:34.791365,Pune,False,6,Tuesday,1,3.055886196373738,low,2,365.33,2026-04-16 19:46:34.787465,6377.000065,0,25,LOW
9baf867a-cf62-4395-81d9-4ac7b1ff4bfe,USER5714,4321.85,crypto,2026-05-13 09:26:34.789768,Unknown,False,9,Wednesday,1,8.371670185939337,medium,1,4321.85,,999999.0,0,45,MEDIUM
41c8dda3-f715-410a-9052-d19fdc2ea61e,USER5729,1245.74,travel,2026-03-28 16:26:34.795759,Chennai,False,16,Saturday,0,7.128287423539844,medium,1,1245.74,,999999.0,0,0,LOW
f03c9585-d81d-45bd-a71f-63c80ec4b59f,USER5732,3996.13,gaming,2026-04-21 02:00:34.793225,Hyderabad,False,2,Tuesday,1,8.293331882575712,medium,1,3996.13,,999999.0,0,25,LOW
a149860e-c63a-4895-8e6a-f4ab2a12caab,USER5742,91164.7,crypto,2026-03-14 22:15:34.800637,Unknown,True,22,Saturday,1,11.420434008829172,very_high,1,91164.7,,999999.0,0,45,MEDIUM
7ab47fab-7417-4a4b-9214-9d717947c20b,USER5742,2333.97,gaming,2026-04-26 09:37:34.797177,Chennai,False,9,Sunday,1,7.755754322054723,medium,2,93498.67,2026-03-14 22:15:34.800637,61161.999942333336,0,25,LOW
1977aae5-a99f-49a6-bd61-3207c2d32ef4,USER5752,65.38,restaurant,2026-03-07 14:56:34.791796,Pune,False,14,Saturday,0,4.195395806291828,low,1,65.38,,999999.0,0,0,LOW
f3cccaba-a454-4cf2-9f39-63bb2289aa33,USER5757,2119.47,electronics,2026-03-31 20:15:34.786983,Mumbai,False,20,Tuesday,1,7.659393041207871,medium,1,2119.47,,999999.0,0,25,LOW
b866897f-7372-48b9-b3e8-fc35f5b3a8f0,USER5764,3763.51,travel,2026-05-09 05:08:34.788596,Hyderabad,False,5,Saturday,0,8.233372985681921,medium,1,3763.51,,999999.0,0,0,LOW
f68a8b9a-e30d-4ffc-bd72-719765efc6b6,USER5768,2597.5,fashion,2026-03-06 05:21:34.790876,Kolkata,False,5,Friday,0,7.862689634448497,medium,1,2597.5,,999999.0,0,0,LOW
e048ed2f-f2bf-4838-bdf9-247978f0ae13,USER5775,4080.38,fashion,2026-03-26 08:34:34.788347,Kolkata,False,8,Thursday,0,8.314190445503662,medium,1,4080.38,,999999.0,0,0,LOW
5c15f071-7793-4acd-b547-077700941ca8,USER5811,3940.83,travel,2026-03-13 23:34:34.790116,Hyderabad,False,23,Friday,0,8.279400361465644,medium,1,3940.83,,999999.0,0,0,LOW
362b805d-cf13-4cbc-9c79-78ecf4624051,USER5856,3496.04,restaurant,2026-05-10 05:28:34.796833,Mumbai,False,5,Sunday,0,8.159672175373709,medium,1,3496.04,,999999.0,0,0,LOW
c9aec452-e3db-4151-9948-f42930f19a97,USER5872,3251.73,travel,2026-04-15 04:45:34.787858,Pune,False,4,Wednesday,0,8.087249922721227,medium,1,3251.73,,999999.0,0,0,LOW
0174a153-5582-4a07-a07b-4c2dbfc75274,USER5883,4124.63,healthcare,2026-04-25 16:37:34.797033,Unknown,False,16,Saturday,0,8.324974014379887,medium,1,4124.63,,999999.0,0,20,LOW
cc7c4781-a0de-4b70-8559-4b45ef07f2b6,USER5888,3203.65,grocery,2026-03-22 07:56:34.793844,Hyderabad,False,7,Sunday,0,8.072358159023365,medium,1,3203.65,,999999.0,0,0,LOW
cfcda7c4-9b0e-496f-a713-15932d375032,USER5903,3474.11,healthcare,2026-04-21 10:12:34.793579,Mumbai,False,10,Tuesday,0,8.153381412174152,medium,1,3474.11,,999999.0,0,0,LOW
08b9f8f3-6520-4621-86e3-7852f2773b0e,USER5912,89145.78,electronics,2026-03-22 11:54:34.797604,Unknown,True,11,Sunday,1,11.398039503738254,very_high,1,89145.78,,999999.0,0,45,MEDIUM
c4b25356-aa44-4ee1-bf6e-ca67c218d606,USER5914,77028.4,crypto,2026-05-08 20:02:34.799843,Unknown,True,20,Friday,1,11.251942446143628,very_high,1,77028.4,,999999.0,0,45,MEDIUM
363897e0-e7fa-491e-a81d-aaf584408a4a,USER5916,2986.12,gaming,2026-04-16 15:41:34.788885,Chennai,False,15,Thursday,1,8.002064991496866,medium,1,2986.12,,999999.0,0,25,LOW
b8a2aa13-1a21-434a-8c9f-027d04da2672,USER5922,3641.72,crypto,2026-03-25 05:41:34.792217,Hyderabad,False,5,Wednesday,1,8.200485934323712,medium,1,3641.72,,999999.0,0,25,LOW
1a185746-9710-4a10-92a3-0e229f78c955,USER5927,3706.99,gaming,2026-03-27 08:03:34.792419,Chennai,False,8,Friday,1,8.21824522981048,medium,1,3706.99,,999999.0,0,25,LOW
fa361d7d-6cbf-4184-84b9-d206b1e64964,USER5929,179105.66,crypto,2026-05-05 15:00:34.800055,Unknown,True,15,Tuesday,1,12.095736773287072,very_high,1,179105.66,,999999.0,0,85,HIGH
1f02ca90-a7a7-4ad4-9d1f-b202cf75471f,USER5950,301.98,gaming,2026-04-20 11:05:34.786868,Chennai,False,11,Monday,1,5.713666796730178,low,1,301.98,,999999.0,0,25,LOW
721e9fd1-0a60-459b-aabd-46053e413fbe,USER5952,2644.4,grocery,2026-04-01 09:35:34.790634,Pune,False,9,Wednesday,0,7.880577561591947,medium,1,2644.4,,999999.0,0,0,LOW
9fb6fd2c-ccd6-418b-95d0-d02fd747ad29,USER5961,1371.74,crypto,2026-04-24 20:31:34.787912,Kolkata,False,20,Friday,1,7.224564021484843,medium,1,1371.74,,999999.0,0,25,LOW
1bdd7a91-f3fa-4246-8835-5633f04fd433,USER5963,2902.98,restaurant,2026-04-15 02:18:34.789885,Hyderabad,False,2,Wednesday,0,7.97383748886863,medium,1,2902.98,,999999.0,0,0,LOW
1c19e961-a585-420e-b5a8-0bbcdf956b9d,USER5975,112244.7,gaming,2026-05-12 22:02:34.798208,Unknown,True,22,Tuesday,1,11.62844549752109,very_high,1,112244.7,,999999.0,0,85,HIGH
d8003199-ebb2-4a09-aa63-c46d1dcac5be,USER5994,4002.06,fashion,2026-04-07 11:24:34.788821,Chennai,False,11,Tuesday,0,8.294814347638674,medium,1,4002.06,,999999.0,0,0,LOW
d01af75b-70f5-49c5-8e07-e925bf825706,USER6004,517.92,healthcare,2026-04-25 05:26:34.793789,Mumbai,False,5,Saturday,0,6.251749728702811,low,1,517.92,,999999.0,0,0,LOW
87943812-f0b0-431f-aa01-b21e1b6d9cea,USER6008,683.84,grocery,2026-04-27 06:29:34.787623,Chennai,False,6,Monday,0,6.529185234336617,low,1,683.84,,999999.0,0,0,LOW
bb1693b2-22cd-40ce-8437-51f706bec849,USER6009,3572.11,restaurant,2026-04-08 04:33:34.790663,Hyderabad,False,4,Wednesday,0,8.181191644003476,medium,1,3572.11,,999999.0,0,0,LOW
ab37a406-502b-4594-82ac-6b85c3a325bd,USER6021,390.42,fashion,2026-05-12 05:12:34.796372,Pune,False,5,Tuesday,0,5.969781152276823,low,1,390.42,,999999.0,0,0,LOW
3a487080-8738-414f-94e7-4ed7c9bf3a7e,USER6022,835.0,healthcare,2026-04-12 20:37:34.788062,Unknown,False,20,Sunday,0,6.728628613084702,low,1,835.0,,999999.0,0,20,LOW
3290b2d3-b119-431f-a69f-ddfb0525387f,USER6027,849.11,crypto,2026-04-05 15:49:34.791582,Pune,False,15,Sunday,1,6.745365752876088,low,1,849.11,,999999.0,0,25,LOW
0a3fc493-0665-49ff-83a6-9840d68d4d81,USER6039,2662.84,travel,2026-05-02 15:02:34.795900,Unknown,False,15,Saturday,0,7.8875239697965425,medium,1,2662.84,,999999.0,0,20,LOW
bad73ed2-59a8-4da8-9a37-2317fbe32ee2,USER6040,146448.67,electronics,2026-05-11 17:16:34.799963,Unknown,True,17,Monday,1,11.89443709892456,very_high,1,146448.67,,999999.0,0,85,HIGH
60d94f41-c400-4df5-b382-92ca43544fbd,USER6046,1387.84,crypto,2026-03-14 05:40:34.793238,Unknown,False,5,Saturday,1,7.2362241453346385,medium,1,1387.84,,999999.0,0,45,MEDIUM
a90b29d1-61fe-4994-8d07-83d6f4697dbd,USER6065,3186.73,gaming,2026-04-29 14:42:34.786611,Chennai,False,14,Wednesday,1,8.067064343726246,medium,1,3186.73,,999999.0,0,25,LOW
902a910d-238f-4974-a2f6-4cad234bc7f9,USER6066,1132.11,crypto,2026-04-28 10:40:34.793894,Hyderabad,False,10,Tuesday,1,7.032721343693972,medium,1,1132.11,,999999.0,0,25,LOW
ca23ad5b-81ca-432e-b5b0-16fe1c3427e8,USER6069,3299.72,grocery,2026-03-16 22:25:34.793724,Delhi,False,22,Monday,0,8.101895905474562,medium,1,3299.72,,999999.0,0,0,LOW
ffd7f563-0a24-42a0-9036-ffb2d2f4ef36,USER6073,4400.9,gaming,2026-03-14 21:26:34.789652,Kolkata,False,21,Saturday,1,8.38979154488153,medium,1,4400.9,,999999.0,0,25,LOW
0d11af8b-0328-40ee-8862-064c711a5a09,USER6077,952.42,healthcare,2026-04-04 03:45:34.788279,Hyderabad,False,3,Saturday,0,6.860055520104717,low,1,952.42,,999999.0,0,0,LOW
abcd632a-066e-4341-9103-373ac94a21e9,USER6078,246.12,travel,2026-03-25 07:15:34.793486,Pune,False,7,Wednesday,0,5.509874048610326,low,1,246.12,,999999.0,0,0,LOW
4e8fa003-c34d-4725-8e01-43acc61859fe,USER6082,2604.31,fashion,2026-04-10 16:02:34.788848,Delhi,False,16,Friday,0,7.865306949026686,medium,1,2604.31,,999999.0,0,0,LOW
33427944-3a4a-45bc-9d18-c028c4184216,USER6091,4859.44,fashion,2026-03-31 00:55:34.791184,Pune,False,0,Tuesday,0,8.48888424777592,medium,1,4859.44,,999999.0,0,0,LOW
d445d30c-d471-46aa-87bf-685d586e0e93,USER6099,73249.21,electronics,2026-03-24 17:13:34.800128,Unknown,True,17,Tuesday,1,11.201636393769402,very_high,1,73249.21,,999999.0,0,45,MEDIUM
d0ff5f43-f103-4bad-a205-ab497aeef165,USER6100,1953.47,electronics,2026-04-09 14:50:34.792812,Delhi,False,14,Thursday,1,7.577874335921042,medium,1,1953.47,,999999.0,0,25,LOW
8b6c3c67-ec0d-4154-ac5c-adbc8f21da8e,USER6103,4719.6,electronics,2026-04-05 18:14:34.791926,Chennai,False,18,Sunday,1,8.45969118914478,medium,1,4719.6,,999999.0,0,25,LOW
4c798c77-fe3f-4b33-8af9-ce30fafa0366,USER6126,3942.01,gaming,2026-03-16 12:45:34.788477,Unknown,False,12,Monday,1,8.279699670014406,medium,1,3942.01,,999999.0,0,45,MEDIUM
846f7b96-cfe5-43ae-8657-5ed9724eb282,USER6133,78784.74,crypto,2026-05-07 19:49:34.797636,Unknown,True,19,Thursday,1,11.27448729500292,very_high,1,78784.74,,999999.0,0,45,MEDIUM
1b22dcd0-8e32-4c6c-9883-e2eda61ceee3,USER6151,349.61,gaming,2026-04-24 23:53:34.793857,Chennai,False,23,Friday,1,5.859674494613175,low,1,349.61,,999999.0,0,25,LOW
f49056cb-ed8c-499b-bbb6-ad65351d4401,USER6154,971.29,gaming,2026-04-05 18:28:34.787453,Kolkata,False,18,Sunday,1,6.879654113871228,low,1,971.29,,999999.0,0,25,LOW
54a53f91-d630-4992-b643-429dd170a192,USER6154,153125.49,crypto,2026-04-23 10:34:34.799449,Unknown,True,10,Thursday,1,11.939019590846032,very_high,2,154096.78,2026-04-05 18:28:34.787453,25446.000199933336,0,85,HIGH
5976ac82-e45e-40a6-813f-82b304518725,USER6169,4536.67,grocery,2026-05-11 08:23:34.795047,Unknown,False,8,Monday,0,8.420168943436028,medium,1,4536.67,,999999.0,0,20,LOW
59bf143c-9945-4b41-b035-9c700195798d,USER6170,1195.04,travel,2026-04-22 02:24:34.790315,Kolkata,False,2,Wednesday,0,7.086771378767365,medium,1,1195.04,,999999.0,0,0,LOW
bf2fe8be-60f5-4605-b300-5fbe61e2ad65,USER6170,767.05,crypto,2026-05-08 12:37:34.796911,Kolkata,False,12,Friday,1,6.643854835195154,low,2,1962.09,2026-04-22 02:24:34.790315,23653.00010993333,0,25,LOW
95858c2f-06cc-4192-b302-e5a92efd2fe9,USER6171,1868.62,electronics,2026-04-05 06:23:34.791848,Chennai,False,6,Sunday,1,7.533490480642826,medium,1,1868.62,,999999.0,0,25,LOW
9d4656d7-5c27-4f09-abac-6af7d355a2f1,USER6174,1456.17,electronics,2026-05-07 17:43:34.797215,Delhi,False,17,Thursday,1,7.284251477494541,medium,1,1456.17,,999999.0,0,25,LOW
59f5d1d9-361f-4b04-bf78-f90696def8d0,USER6176,3278.33,restaurant,2026-03-23 07:00:34.791377,Kolkata,False,7,Monday,0,8.095394412219898,medium,1,3278.33,,999999.0,0,0,LOW
46a40e7c-2b2f-42a3-8e2b-4f0d93f859b7,USER6178,2770.68,healthcare,2026-05-02 02:27:34.787679,Chennai,False,2,Saturday,0,7.927208913530631,medium,1,2770.68,,999999.0,0,0,LOW
c98de4af-d4c7-49fe-8c37-b057b3a6c681,USER6195,66232.58,gaming,2026-04-24 01:30:34.799770,Unknown,True,1,Friday,1,11.100942864072213,very_high,1,66232.58,,999999.0,0,45,MEDIUM
b5c22895-1706-48b8-9904-c8e73937e7ba,USER6219,4610.4,healthcare,2026-04-14 04:48:34.790166,Chennai,False,4,Tuesday,0,8.436286777522513,medium,1,4610.4,,999999.0,0,0,LOW
df6da21b-5b7c-420d-ac15-fc74d27692cb,USER6230,4465.1,electronics,2026-05-12 01:11:34.793056,Unknown,False,1,Tuesday,1,8.404270823551121,medium,1,4465.1,,999999.0,0,45,MEDIUM
10ba4c2f-c02c-4334-9854-76c86684484a,USER6231,82.71,restaurant,2026-04-22 17:48:34.796966,Delhi,False,17,Wednesday,0,4.427358444671965,low,1,82.71,,999999.0,0,0,LOW
3fce3897-e591-4a19-80fa-b72648296d26,USER6247,321.07,gaming,2026-03-28 22:43:34.794255,Kolkata,False,22,Saturday,1,5.77476891322269,low,1,321.07,,999999.0,0,25,LOW
0ce0bcd6-8f88-4ad5-b2b0-fee03422f1a3,USER6255,2409.31,grocery,2026-04-25 08:25:34.792874,Mumbai,False,8,Saturday,0,7.787510648917875,medium,1,2409.31,,999999.0,0,0,LOW
f517780e-73f2-4bf4-a02b-257a75e62b6f,USER6259,1336.55,gaming,2026-04-22 03:13:34.796297,Delhi,False,3,Wednesday,1,7.198594861248998,medium,1,1336.55,,999999.0,0,25,LOW
0786f3dd-3364-49fd-bee5-3f3b876472ca,USER6265,3256.63,gaming,2026-04-03 01:33:34.795773,Chennai,False,1,Friday,1,8.088755216107536,medium,1,3256.63,,999999.0,0,25,LOW
17c8c535-cd15-49f3-a5e0-573d2e399684,USER6271,3288.8,travel,2026-03-17 21:26:34.794280,Chennai,False,21,Tuesday,0,8.098582051638058,medium,1,3288.8,,999999.0,0,0,LOW
cf0b4fd2-049e-44c8-8df4-e002a9ee6aca,USER6286,4196.74,healthcare,2026-04-19 09:14:34.796678,Unknown,False,9,Sunday,0,8.342301564208165,medium,1,4196.74,,999999.0,0,20,LOW
5c115523-fab1-4cf1-8343-cd2c8438f9ad,USER6291,4306.01,grocery,2026-04-26 11:09:34.797152,Hyderabad,False,11,Sunday,0,8.367999206853133,medium,1,4306.01,,999999.0,0,0,LOW
bbe1ad19-00f2-4508-ad99-3956ea5cac3f,USER6291,81955.19,crypto,2026-05-09 23:10:34.797737,Unknown,True,23,Saturday,1,11.313940115181548,very_high,2,86261.2,2026-04-26 11:09:34.797152,19441.00000975,0,45,MEDIUM
2d904f78-4fbc-4a62-b3a0-3594223ccfcf,USER6304,98328.76,gaming,2026-03-19 10:47:34.798498,Unknown,True,10,Thursday,1,11.49608200701052,very_high,1,98328.76,,999999.0,0,45,MEDIUM
685f7aca-5543-4112-b13e-733356ec6df0,USER6319,2421.51,electronics,2026-03-14 09:23:34.795956,Chennai,False,9,Saturday,1,7.7925594717233775,medium,1,2421.51,,999999.0,0,25,LOW
5ac7fc45-57cd-486d-bd2e-3b4ac27b7a54,USER6339,4730.59,gaming,2026-04-28 12:00:34.791897,Mumbai,False,12,Tuesday,1,8.462016577219353,medium,1,4730.59,,999999.0,0,25,LOW
027144c1-0786-4dce-85fc-60c5908109d0,USER6355,4595.97,travel,2026-03-09 10:34:34.796448,Hyderabad,False,10,Monday,0,8.433152669789719,medium,1,4595.97,,999999.0,0,0,LOW
0d30ac91-2b24-470e-8a11-a4655fc20270,USER6360,561.09,healthcare,2026-04-28 10:27:34.790647,Mumbai,False,10,Tuesday,0,6.331661979421028,low,1,561.09,,999999.0,0,0,LOW
3296bebe-0ce1-4d15-afbc-0d21ffc922ad,USER6391,145100.3,gaming,2026-05-12 08:31:34.800491,Unknown,True,8,Tuesday,1,11.885187398170531,very_high,1,145100.3,,999999.0,0,85,HIGH
eecbaf92-6322-4cb3-ab5a-de9908b88ef1,USER6393,2572.93,electronics,2026-04-30 12:09:34.789485,Pune,False,12,Thursday,1,7.853189192759086,medium,1,2572.93,,999999.0,0,25,LOW
dd62bf38-8161-4628-badb-d57a34e29bed,USER6398,2079.29,crypto,2026-04-17 06:55:34.791200,Chennai,False,6,Friday,1,7.640262586053793,medium,1,2079.29,,999999.0,0,25,LOW
6385eda4-2958-4824-bf98-ce1df9642001,USER6405,96.31,travel,2026-03-26 17:54:34.791018,Unknown,False,17,Thursday,0,4.577901758833898,low,1,96.31,,999999.0,0,20,LOW
97279a1c-e33e-4a43-8c0d-ff74b1e001dd,USER6429,83861.25,crypto,2026-04-06 20:13:34.800374,Unknown,True,20,Monday,1,11.336930850796495,very_high,1,83861.25,,999999.0,0,45,MEDIUM
f5364850-42d6-4942-a6a6-787d7095f5d5,USER6445,3208.4,grocery,2026-05-12 00:07:34.790606,Bangalore,False,0,Tuesday,0,8.07383928276526,medium,1,3208.4,,999999.0,0,0,LOW
c12f6cb4-90f7-4f48-83f2-f803dd763f26,USER6446,3268.15,healthcare,2026-03-06 19:40:34.792302,Mumbai,False,19,Friday,0,8.092285291263423,medium,1,3268.15,,999999.0,0,0,LOW
c08664b8-b27a-4ab2-8eec-4441f20ef6d4,USER6449,2993.93,healthcare,2026-04-09 06:39:34.788374,Unknown,False,6,Thursday,0,8.004676137989268,medium,1,2993.93,,999999.0,0,20,LOW
8db7316e-7ef5-4c92-a808-060634eca812,USER6458,497.19,restaurant,2026-03-25 03:18:34.790900,Delhi,False,3,Wednesday,0,6.210981530366493,low,1,497.19,,999999.0,0,0,LOW
dcfb4dc3-a3c5-4796-8c00-807bc6427ffd,USER6462,3903.53,gaming,2026-04-20 23:58:34.797311,Kolkata,False,23,Monday,1,8.269892696515395,medium,1,3903.53,,999999.0,0,25,LOW
8b6fc264-05e5-4946-bd17-f84272c89f33,USER6466,997.08,fashion,2026-05-10 18:17:34.786725,Kolkata,False,18,Sunday,0,6.9058334334194384,low,1,997.08,,999999.0,0,0,LOW
2830665a-de41-4df1-8b25-baf81f735420,USER6478,3862.25,fashion,2026-04-01 09:53:34.793333,Mumbai,False,9,Wednesday,0,8.259264077113805,medium,1,3862.25,,999999.0,0,0,LOW
c5a1e845-284b-4eff-982c-b7c8a7d2c491,USER6484,1333.47,travel,2026-04-13 02:18:34.797239,Hyderabad,False,2,Monday,0,7.196289488262181,medium,1,1333.47,,999999.0,0,0,LOW
3662c75f-d7fc-4d9a-b36e-9d9863734548,USER6492,112247.19,electronics,2026-03-21 19:12:34.798925,Unknown,True,19,Saturday,1,11.628467680752893,very_high,1,112247.19,,999999.0,0,85,HIGH
1e4c613d-c878-42e0-a3de-e3c9ffb1a6b6,USER6494,3068.85,gaming,2026-04-08 02:26:34.791315,Mumbai,False,2,Wednesday,1,8.029383979452703,medium,1,3068.85,,999999.0,0,25,LOW
ead83b9e-be17-4334-996b-745c58e20435,USER6495,4903.59,gaming,2026-03-15 17:10:34.794168,Chennai,False,17,Sunday,1,8.497926780330445,medium,1,4903.59,,999999.0,0,25,LOW
e9bccdc1-39e0-4664-835c-9a9a48b6f812,USER6495,1649.74,healthcare,2026-04-14 17:40:34.794026,Pune,False,17,Tuesday,0,7.40897895120384,medium,2,6553.33,2026-03-15 17:10:34.794168,43229.99999763333,0,0,LOW
a285a533-2a64-4ea0-b8fe-b62ac5df964b,USER6497,3453.25,crypto,2026-04-26 19:12:34.791328,Pune,False,19,Sunday,1,8.14736063593678,medium,1,3453.25,,999999.0,0,25,LOW
26047bd0-0ad0-4392-bb23-96e04db1c75e,USER6518,686.55,crypto,2026-03-16 17:52:34.790567,Hyderabad,False,17,Monday,1,6.533134554168954,low,1,686.55,,999999.0,0,25,LOW
4e792c5c-880a-46bd-8442-63d967810cb8,USER6525,141.9,travel,2026-03-24 09:52:34.796924,Mumbai,False,9,Tuesday,0,4.9621450849358215,low,1,141.9,,999999.0,0,0,LOW
bdc51221-2cd5-4c5d-b8c0-f9023a9aecc0,USER6526,295.26,grocery,2026-03-31 12:11:34.786790,Mumbai,False,12,Tuesday,0,5.691237447153906,low,1,295.26,,999999.0,0,0,LOW
0ff2679a-da0e-46e8-a7f8-529f7cab7843,USER6529,4392.88,electronics,2026-04-13 11:53:34.790928,Kolkata,False,11,Monday,1,8.387967942603494,medium,1,4392.88,,999999.0,0,25,LOW
c90f0855-85e0-4a25-8a00-717fe8989b74,USER6547,87176.88,electronics,2026-03-09 01:44:34.798301,Unknown,True,1,Monday,1,11.375705907992694,very_high,1,87176.88,,999999.0,0,45,MEDIUM
8693fb8f-81f2-4cd9-bf2c-e84aa6571c62,USER6549,83642.39,gaming,2026-04-18 10:27:34.800008,Unknown,True,10,Saturday,1,11.334317683567702,very_high,1,83642.39,,999999.0,0,45,MEDIUM
3a4175c2-3c76-40a5-8e20-d59e863b62eb,USER6583,147515.31,gaming,2026-04-23 22:05:34.798089,Unknown,True,22,Thursday,1,11.901694024920094,very_high,1,147515.31,,999999.0,0,85,HIGH
a8377f04-f36b-4942-88f7-49ad79155d8c,USER6588,161781.35,gaming,2026-05-08 06:07:34.799735,Unknown,True,6,Friday,1,11.994007192365814,very_high,1,161781.35,,999999.0,0,85,HIGH
8dfb2110-6d39-47e8-872a-f44fd3219fc1,USER6595,70705.22,crypto,2026-04-04 01:31:34.798423,Unknown,True,1,Saturday,1,11.166288825384049,very_high,1,70705.22,,999999.0,0,45,MEDIUM
79b9efb9-f6e8-42eb-a31e-8721a8d945bc,USER6602,3618.87,healthcare,2026-03-13 02:48:34.794680,Unknown,False,2,Friday,0,8.19419339257277,medium,1,3618.87,,999999.0,0,20,LOW
1fdf247c-9557-4cc0-8e5d-ed0aba5dbc6b,USER6611,3821.51,healthcare,2026-05-13 02:11:34.788253,Unknown,False,2,Wednesday,0,8.248662553888742,medium,1,3821.51,,999999.0,0,20,LOW
7014be97-260f-4911-b3d0-69cb8cbc0820,USER6639,697.34,grocery,2026-04-12 22:07:34.786933,Delhi,False,22,Sunday,0,6.54870609018194,low,1,697.34,,999999.0,0,0,LOW
49b067c8-95bf-44a0-8ceb-84f0ee1d50b0,USER6642,736.84,electronics,2026-04-07 18:04:34.790620,Delhi,False,18,Tuesday,1,6.603726998927463,low,1,736.84,,999999.0,0,25,LOW
67a29759-b479-45ae-a8f3-258f1a96b224,USER6645,60484.15,electronics,2026-03-16 04:34:34.799978,Unknown,True,4,Monday,1,11.01015315934458,very_high,1,60484.15,,999999.0,0,45,MEDIUM
8244923a-aa10-451f-a284-125e4ec7bd29,USER6647,1912.97,gaming,2026-03-18 04:22:34.795418,Unknown,False,4,Wednesday,1,7.55693489790887,medium,1,1912.97,,999999.0,0,45,MEDIUM
315e20a2-8f18-444e-816f-8fc913a0a232,USER6653,3149.04,healthcare,2026-03-07 15:20:34.792686,Unknown,False,15,Saturday,0,8.055170430151753,medium,1,3149.04,,999999.0,0,20,LOW
3df1cd75-a72a-4522-9080-c116ef49b460,USER6661,2915.19,healthcare,2026-03-24 00:27:34.791706,Mumbai,False,0,Tuesday,0,7.978033248756217,medium,1,2915.19,,999999.0,0,0,LOW
fef6ffc1-9e0b-47d9-ade8-461bbae06589,USER6675,1566.61,electronics,2026-04-21 16:19:34.788266,Delhi,False,16,Tuesday,1,7.3573074454834915,medium,1,1566.61,,999999.0,0,25,LOW
a5fb7724-718d-4563-9c8b-2c5c5dfdc14f,USER6697,3002.17,gaming,2026-04-13 20:42:34.794864,Pune,False,20,Monday,1,8.007423676437652,medium,1,3002.17,,999999.0,0,25,LOW
e4290dbc-964b-460f-a5b1-88067a5301d8,USER6710,3053.26,restaurant,2026-04-01 02:40:34.791656,Chennai,False,2,Wednesday,0,8.024292616405027,medium,1,3053.26,,999999.0,0,0,LOW
83e0aa7c-9884-495c-aee2-d800e4a4b944,USER6713,579.57,restaurant,2026-04-08 02:21:34.793370,Hyderabad,False,2,Wednesday,0,6.364010379570056,low,1,579.57,,999999.0,0,0,LOW
213e9cec-9856-4915-83f8-e394acacfc45,USER6716,469.13,crypto,2026-04-23 09:53:34.792368,Chennai,False,9,Thursday,1,6.153009252203234,low,1,469.13,,999999.0,0,25,LOW
06c29814-3237-4894-adaa-a728a311896f,USER6716,4786.91,restaurant,2026-04-24 18:38:34.793935,Pune,False,18,Friday,0,8.473849269508717,medium,2,5256.04,2026-04-23 09:53:34.792368,1965.0000261166667,0,0,LOW
ce1e8f3e-554c-477b-bf40-851c874cad7e,USER6719,1301.14,crypto,2026-04-18 23:24:34.788387,Mumbai,False,23,Saturday,1,7.171764343869635,medium,1,1301.14,,999999.0,0,25,LOW
b7f4c56d-3f90-4af0-8b06-c03e60f0ccea,USER6720,2894.36,fashion,2026-04-16 00:03:34.787139,Pune,False,0,Thursday,0,7.970864734607591,medium,1,2894.36,,999999.0,0,0,LOW
ed640bd6-8ac8-4a26-8da4-5c36cb359e25,USER6744,1889.19,healthcare,2026-04-27 22:26:34.796101,Mumbai,False,22,Monday,0,7.544432632101506,medium,1,1889.19,,999999.0,0,0,LOW
2690173a-b4c5-4a85-adfc-4fc27c76326c,USER6746,1440.69,gaming,2026-03-29 03:09:34.796759,Pune,False,3,Sunday,1,7.2735713155379935,medium,1,1440.69,,999999.0,0,25,LOW
e6e1e02d-bb49-451d-ba37-fee60877336f,USER6755,732.49,grocery,2026-04-20 07:56:34.796573,Delhi,False,7,Monday,0,6.597813964224936,low,1,732.49,,999999.0,0,0,LOW
38a911c7-577f-40ca-83fe-78f64998ea82,USER6757,583.7,travel,2026-03-24 16:21:34.791640,Hyderabad,False,16,Tuesday,0,6.371098895181625,low,1,583.7,,999999.0,0,0,LOW
3b7ce4a3-9f84-4d58-8644-95a1d3e963f4,USER6764,1427.42,healthcare,2026-05-09 18:19:34.792749,Kolkata,False,18,Saturday,0,7.264324217302472,medium,1,1427.42,,999999.0,0,0,LOW
01d0168b-8834-465f-9fdb-5029f60e1883,USER6779,1628.97,restaurant,2026-03-09 06:15:34.795071,Hyderabad,False,6,Monday,0,7.39631688872346,medium,1,1628.97,,999999.0,0,0,LOW
67245161-e99f-4011-bcf7-ffb3839f9757,USER6810,536.12,gaming,2026-03-22 11:41:34.789194,Pune,False,11,Sunday,1,6.286221533231725,low,1,536.12,,999999.0,0,25,LOW
9fa811a0-06fa-4284-8562-152ae8706394,USER6840,1000.45,healthcare,2026-04-02 22:53:34.796979,Kolkata,False,22,Thursday,0,6.9092042287472415,medium,1,1000.45,,999999.0,0,0,LOW
d6167fae-2414-45db-a457-53341c376ea1,USER6842,211.3,fashion,2026-05-14 02:39:34.791743,Chennai,False,2,Thursday,0,5.35800036870921,low,1,211.3,,999999.0,0,0,LOW
4fe895b5-b04c-4d24-b0b7-2e5173d49e77,USER6846,4403.5,crypto,2026-04-29 03:52:34.792825,Bangalore,False,3,Wednesday,1,8.39038202454985,medium,1,4403.5,,999999.0,0,25,LOW
c31e4383-6c01-40be-b43f-017588e7ecb4,USER6847,3863.63,fashion,2026-03-20 18:14:34.788411,Unknown,False,18,Friday,0,8.259621225520526,medium,1,3863.63,,999999.0,0,20,LOW
da25e8cc-549a-466b-85cb-617814d12a0f,USER6853,117908.72,electronics,2026-03-25 06:30:34.799285,Unknown,True,6,Wednesday,1,11.677674525875338,very_high,1,117908.72,,999999.0,0,85,HIGH
a9fb4a96-9d1d-47dc-aeb2-d0a50e7c3fc7,USER6858,750.38,travel,2026-03-26 04:27:34.794206,Hyderabad,False,4,Thursday,0,6.621911515803996,low,1,750.38,,999999.0,0,0,LOW
aea17cb2-9fdd-47d7-9dc0-15944acd299b,USER6858,176.49,travel,2026-05-03 09:32:34.789575,Chennai,False,9,Sunday,0,5.178914269300255,low,2,926.87,2026-03-26 04:27:34.794206,55024.99992281666,0,0,LOW
e845afbf-b12a-478f-96c0-08319bceec10,USER6872,78821.02,crypto,2026-03-06 20:02:34.798601,Unknown,True,20,Friday,1,11.274947678433795,very_high,1,78821.02,,999999.0,0,45,MEDIUM
2b2d7e8f-9f5d-4120-b87c-27d43bbc15a9,USER6896,640.22,grocery,2026-04-02 00:13:34.790091,Bangalore,False,0,Thursday,0,6.463372611764861,low,1,640.22,,999999.0,0,0,LOW
63a5cb09-9daa-401c-b6b0-7f83811e0888,USER6908,147812.36,crypto,2026-04-09 18:03:34.799241,Unknown,True,18,Thursday,1,11.90370567583328,very_high,1,147812.36,,999999.0,0,85,HIGH
b3249658-1159-4ea3-bb85-c9a0f9cc245e,USER6912,2143.18,crypto,2026-03-10 21:30:34.793473,Pune,False,21,Tuesday,1,7.670512473890531,medium,1,2143.18,,999999.0,0,25,LOW
29fc4ebd-cd3b-4391-8bbc-2c854f240f57,USER6914,320.03,travel,2026-03-22 11:53:34.787032,Chennai,False,11,Sunday,0,5.77153457670702,low,1,320.03,,999999.0,0,0,LOW
f59dcee8-d5b1-4da2-ae69-cdf4fa0f88dd,USER6918,3655.85,crypto,2026-04-15 14:10:34.795545,Bangalore,False,14,Wednesday,1,8.204357400080916,medium,1,3655.85,,999999.0,0,25,LOW
09715371-77b7-4c35-abab-180616994524,USER6926,192919.22,crypto,2026-05-01 10:36:34.797899,Unknown,True,10,Friday,1,12.170032014551325,very_high,1,192919.22,,999999.0,0,85,HIGH
84635b2f-3fab-4a5b-957d-7cfc0f06259f,USER6931,140.3,crypto,2026-03-15 20:26:34.791212,Hyderabad,False,20,Sunday,1,4.950885289690482,low,1,140.3,,999999.0,0,25,LOW
da57f1ac-585d-4cc1-8273-2af4056dd70a,USER6932,4131.17,fashion,2026-03-06 13:09:34.795626,Hyderabad,False,13,Friday,0,8.326557971697177,medium,1,4131.17,,999999.0,0,0,LOW
33fc7685-5266-4bae-8ef2-d1f5e73d3177,USER6932,2868.24,healthcare,2026-04-28 10:07:34.788898,Hyderabad,False,10,Tuesday,0,7.961802465323372,medium,2,6999.41,2026-03-06 13:09:34.795626,76137.99988786667,0,0,LOW
6bed635f-9413-43cc-a8df-d85ad509526d,USER6958,554.66,crypto,2026-04-23 06:22:34.794612,Pune,False,6,Thursday,1,6.320156596410232,low,1,554.66,,999999.0,0,25,LOW
23716264-dadf-4546-975a-d9977fec57fa,USER6968,4200.74,travel,2026-05-04 07:13:34.792600,Delhi,False,7,Monday,0,8.343254004193113,medium,1,4200.74,,999999.0,0,0,LOW
cabac385-32b8-4be9-bbf4-71450e7baa02,USER6974,192194.05,gaming,2026-04-20 23:32:34.799225,Unknown,True,23,Monday,1,12.1662660207642,very_high,1,192194.05,,999999.0,0,85,HIGH
27cbdfa5-8d14-44ab-8c55-20c60e63b617,USER6978,150056.11,gaming,2026-05-09 22:12:34.798103,Unknown,True,22,Saturday,1,11.918771233951182,very_high,1,150056.11,,999999.0,0,85,HIGH
1f46eee6-e218-4e68-b5aa-c4b31d0d4bbe,USER6987,4589.25,crypto,2026-04-18 05:12:34.787401,Chennai,False,5,Saturday,1,8.431689767802297,medium,1,4589.25,,999999.0,0,25,LOW
19e7eb11-5ee1-4fb6-85fd-00607936cc20,USER7009,1433.35,electronics,2026-04-16 04:04:34.789676,Bangalore,False,4,Thursday,1,7.26846706390312,medium,1,1433.35,,999999.0,0,25,LOW
1a5c0e3a-b185-4b42-9c7a-5b647051ba41,USER7025,2899.69,fashion,2026-03-07 17:16:34.791836,Hyderabad,False,17,Saturday,0,7.972703918707949,medium,1,2899.69,,999999.0,0,0,LOW
d553c5f9-19cb-42fe-9aa9-4154c95bdb9d,USER7031,141.14,gaming,2026-04-15 10:15:34.786598,Kolkata,False,10,Wednesday,1,4.956812487398749,low,1,141.14,,999999.0,0,25,LOW
ff9da727-b4eb-4048-96b6-f528269c33d4,USER7031,2014.22,restaurant,2026-04-16 05:26:34.793263,Kolkata,False,5,Thursday,0,7.6084836495623955,medium,2,2155.36,2026-04-15 10:15:34.786598,1151.0001110833332,0,0,LOW
3e77348c-af24-42f5-931d-9ecec26cfcb9,USER7034,4107.04,crypto,2026-03-26 11:11:34.789019,Delhi,False,11,Thursday,1,8.320701308099387,medium,1,4107.04,,999999.0,0,25,LOW
7d0d5d33-4de6-49f5-9de0-39381c357df6,USER7037,541.42,grocery,2026-04-06 07:01:34.790192,Delhi,False,7,Monday,0,6.29604060910273,low,1,541.42,,999999.0,0,0,LOW
10efb399-2990-49e5-8ce9-b2da4234a358,USER7050,192427.04,gaming,2026-04-28 00:46:34.799417,Unknown,True,0,Tuesday,1,12.167477544640724,very_high,1,192427.04,,999999.0,0,85,HIGH
df67767f-57b9-42a9-9d66-5aa9e9434e01,USER7051,142720.09,crypto,2026-05-03 17:16:34.798586,Unknown,True,17,Sunday,1,11.868647585116513,very_high,1,142720.09,,999999.0,0,85,HIGH
d2f6ab65-5704-4e88-a642-09f6e1148ed8,USER7054,966.31,electronics,2026-04-08 03:26:34.788982,Chennai,False,3,Wednesday,1,6.874519023189442,low,1,966.31,,999999.0,0,25,LOW
bfd78997-2ba8-45cd-8b0d-ffee5d789b6f,USER7066,3299.43,gaming,2026-03-19 16:32:34.789688,Mumbai,False,16,Thursday,1,8.101808041996172,medium,1,3299.43,,999999.0,0,25,LOW
709de20c-a8d0-4b7c-8b1e-2f80d8e89f5b,USER7076,3892.43,gaming,2026-03-22 11:49:34.794293,Bangalore,False,11,Sunday,1,8.267045796173003,medium,1,3892.43,,999999.0,0,25,LOW
593f20ea-2ee9-4e4d-917e-3e9203269d07,USER7081,3512.98,grocery,2026-03-14 11:00:34.794064,Unknown,False,11,Saturday,0,8.16450457721121,medium,1,3512.98,,999999.0,0,20,LOW
e06ac84e-3e69-498e-8ece-b108e08fa229,USER7091,2802.93,restaurant,2026-03-12 13:42:34.788002,Delhi,False,13,Thursday,0,7.938777283506204,medium,1,2802.93,,999999.0,0,0,LOW
081ec5da-250c-4854-aa7e-e9502931e14f,USER7101,1640.49,grocery,2026-05-03 08:59:34.790216,Pune,False,8,Sunday,0,7.403359644934056,medium,1,1640.49,,999999.0,0,0,LOW
a8bb0e80-d7e4-4b53-88ef-b14abb1a5096,USER7106,2314.24,crypto,2026-04-08 23:03:34.790004,Delhi,False,23,Wednesday,1,7.747268632853058,medium,1,2314.24,,999999.0,0,25,LOW
e8781d65-10a8-4e90-9b58-3e8542d70847,USER7121,987.15,grocery,2026-03-11 09:10:34.794413,Hyderabad,False,9,Wednesday,0,6.895834508086444,low,1,987.15,,999999.0,0,0,LOW
9ec984b3-771f-4768-a397-375a738255bc,USER7127,1540.51,grocery,2026-04-01 08:54:34.796501,Bangalore,False,8,Wednesday,0,7.340517734492967,medium,1,1540.51,,999999.0,0,0,LOW
52595d27-17ce-4b38-81ec-c58c2e03bbe3,USER7157,2528.21,restaurant,2026-05-07 07:27:34.791681,Unknown,False,7,Thursday,0,7.835662279996031,medium,1,2528.21,,999999.0,0,20,LOW
d69160a5-6b4b-4327-bec2-cf1c2d6c9482,USER7158,2416.98,electronics,2026-03-23 14:10:34.796247,Unknown,False,14,Monday,1,7.790687759841937,medium,1,2416.98,,999999.0,0,45,MEDIUM
a8a54509-4687-4051-b3ee-8b746487f5d4,USER7158,4698.45,restaurant,2026-03-26 22:26:34.794106,Mumbai,False,22,Thursday,0,8.45520075957403,medium,2,7115.43,2026-03-23 14:10:34.796247,4815.999964316667,0,0,LOW
5d7d6fd6-1eaf-4da0-801f-8cc49338cf9c,USER7166,152520.39,electronics,2026-03-31 03:40:34.797885,Unknown,True,3,Tuesday,1,11.93506012748885,very_high,1,152520.39,,999999.0,0,85,HIGH
570f2f45-3b26-472f-8c58-ae88b3a2b568,USER7167,3850.28,healthcare,2026-05-01 04:14:34.789627,Hyderabad,False,4,Friday,0,8.256160839559215,medium,1,3850.28,,999999.0,0,0,LOW
064feb03-da9b-4531-8268-a57158929fa3,USER7190,1719.84,electronics,2026-04-14 01:33:34.793801,Pune,False,1,Tuesday,1,7.4505678226856835,medium,1,1719.84,,999999.0,0,25,LOW
e7356b52-8197-4deb-8337-b973bf0a478b,USER7197,652.33,grocery,2026-03-08 15:15:34.793947,Hyderabad,False,15,Sunday,0,6.482082361502622,low,1,652.33,,999999.0,0,0,LOW
91e44e01-7586-4515-8e64-f1a6bd3f7fe2,USER7197,763.65,restaurant,2026-03-17 15:57:34.793548,Bangalore,False,15,Tuesday,0,6.639418212794133,low,2,1415.98,2026-03-08 15:15:34.793947,13001.99999335,0,0,LOW
70c11f89-f527-42b3-b222-e347b2ad8a36,USER7197,3541.66,restaurant,2026-05-08 06:58:34.795321,Bangalore,False,6,Friday,0,8.172633136388221,medium,3,4957.639999999999,2026-03-17 15:57:34.793548,74341.00002954999,0,0,LOW
413c1579-1fbd-4a2a-a418-494c3d39410a,USER7198,824.15,healthcare,2026-04-11 20:58:34.795912,Unknown,False,20,Saturday,0,6.715565187989577,low,1,824.15,,999999.0,0,20,LOW
284be6bb-66de-43a8-9865-aa10c26b78fe,USER7225,2590.07,crypto,2026-03-20 04:50:34.795297,Kolkata,False,4,Friday,1,7.859826196793077,medium,1,2590.07,,999999.0,0,25,LOW
b1537136-c64c-4119-9f3e-5d8169e7ef85,USER7226,1746.68,crypto,2026-05-13 04:18:34.796260,Unknown,False,4,Wednesday,1,7.466044473095233,medium,1,1746.68,,999999.0,0,45,MEDIUM
d515338e-f5f6-46db-86c2-19524f434070,USER7269,966.84,electronics,2026-04-13 06:13:34.791159,Kolkata,False,6,Monday,1,6.875066784358604,low,1,966.84,,999999.0,0,25,LOW
5db10c2d-d627-45f8-beaa-c3249ec6988c,USER7271,4810.32,restaurant,2026-05-02 08:57:34.796008,Mumbai,False,8,Saturday,0,8.478726753725685,medium,1,4810.32,,999999.0,0,0,LOW
196a0037-67a2-4f9a-ad96-c6ff6cd4f317,USER7273,2772.29,gaming,2026-05-11 06:23:34.794739,Mumbai,False,6,Monday,1,7.927789620025073,medium,1,2772.29,,999999.0,0,25,LOW
b5788484-ca77-4f1b-acb5-03eda66b06b9,USER7281,1561.06,gaming,2026-04-28 21:42:34.789600,Chennai,False,21,Tuesday,1,7.353760741953831,medium,1,1561.06,,999999.0,0,25,LOW
c11e6cb5-5b94-43a7-8186-734a90429592,USER7293,1305.48,restaurant,2026-03-28 00:58:34.787122,Chennai,False,0,Saturday,0,7.175091776768488,medium,1,1305.48,,999999.0,0,0,LOW
723527ba-a392-43b9-8254-a929cb14803c,USER7294,88.26,travel,2026-03-24 19:22:34.792899,Kolkata,False,19,Tuesday,0,4.491553459201124,low,1,88.26,,999999.0,0,0,LOW
f9c602fa-98ed-42c0-8748-f8bc99cc90e8,USER7314,4287.55,crypto,2026-05-04 23:20:34.792913,Unknown,False,23,Monday,1,8.363703959450769,medium,1,4287.55,,999999.0,0,45,MEDIUM
bc8066a9-6525-4b26-b57d-6de584f82aca,USER7320,320.0,crypto,2026-04-14 11:03:34.797269,Delhi,False,11,Tuesday,1,5.771441123130016,low,1,320.0,,999999.0,0,25,LOW
2ecbeac8-ba5b-4762-b5d2-1c682bab56c3,USER7324,1126.13,grocery,2026-03-18 06:28:34.789334,Pune,False,6,Wednesday,0,7.0274298578754415,medium,1,1126.13,,999999.0,0,0,LOW
72ff405d-6e29-47d2-a0eb-a68a4acc63d2,USER7337,108803.52,electronics,2026-04-27 04:58:34.798774,Unknown,True,4,Monday,1,11.597308156658691,very_high,1,108803.52,,999999.0,0,85,HIGH
328f095f-9495-4a76-a7e3-a413548a01fb,USER7353,238.25,fashion,2026-05-13 01:20:34.792469,Bangalore,False,1,Wednesday,0,5.477509030333064,low,1,238.25,,999999.0,0,0,LOW
4d228a2c-fb87-445a-86b4-1dc2ba86bcb8,USER7357,4171.57,crypto,2026-03-22 00:52:34.789823,Hyderabad,False,0,Sunday,1,8.336287431908149,medium,1,4171.57,,999999.0,0,25,LOW
70d64451-29a7-4235-8c06-02eecef203fd,USER7360,135646.42,electronics,2026-05-08 13:09:34.799532,Unknown,True,13,Friday,1,11.817814298370635,very_high,1,135646.42,,999999.0,0,85,HIGH
0e7d9686-e0f1-4ec2-80ab-3007a3a46533,USER7363,2619.43,electronics,2026-03-15 18:01:34.792000,Chennai,False,18,Sunday,1,7.871093705425983,medium,1,2619.43,,999999.0,0,25,LOW
46ca01ba-8fa7-4bc1-9654-83724fcc006a,USER7363,3191.96,gaming,2026-05-05 18:34:34.788226,Pune,False,18,Tuesday,1,8.068703665232619,medium,2,5811.389999999999,2026-03-15 18:01:34.792000,73472.9999371,0,25,LOW
14129ee8-fe90-43c1-b478-b2f9af805973,USER7365,291.56,restaurant,2026-03-21 16:00:34.790077,Delhi,False,16,Saturday,0,5.678669773841126,low,1,291.56,,999999.0,0,0,LOW
d19f3e89-3fa5-4c7d-a10a-88f22c3aece2,USER7372,1562.63,travel,2026-04-23 16:46:34.795084,Unknown,False,16,Thursday,0,7.35476532022745,medium,1,1562.63,,999999.0,0,20,LOW
1ed1db6d-5069-47a3-b33a-0df58a07abf3,USER7386,1675.82,grocery,2026-03-21 05:48:34.788321,Mumbai,False,5,Saturday,0,7.424654421536507,medium,1,1675.82,,999999.0,0,0,LOW
311744c9-faf0-4c61-b714-f008521476c3,USER7388,161051.06,gaming,2026-04-03 10:49:34.798180,Unknown,True,10,Friday,1,11.989482945736215,very_high,1,161051.06,,999999.0,0,85,HIGH
6c66559a-cc92-4092-9f93-b7afcf1edc09,USER7430,1693.72,restaurant,2026-03-11 12:47:34.788632,Pune,False,12,Wednesday,0,7.43527281442848,medium,1,1693.72,,999999.0,0,0,LOW
ea886d0a-9a31-4248-9b8b-d6967a2a3b96,USER7440,1943.73,travel,2026-04-22 18:47:34.794450,Hyderabad,False,18,Wednesday,0,7.572878428935788,medium,1,1943.73,,999999.0,0,0,LOW
fdbfe0d0-4335-4b69-a24c-c65492599394,USER7450,4881.74,travel,2026-04-15 05:13:34.794994,Hyderabad,False,5,Wednesday,0,8.493461816688688,medium,1,4881.74,,999999.0,0,0,LOW
9f14d3f7-0d86-45f5-adf1-b1ffb89af621,USER7458,3267.7,restaurant,2026-04-05 17:00:34.792179,Pune,False,17,Sunday,0,8.09214763132913,medium,1,3267.7,,999999.0,0,0,LOW
d6bda9f7-dda0-421e-a486-115e9f55aaa2,USER7483,186010.7,gaming,2026-03-24 07:15:34.797810,Unknown,True,7,Tuesday,1,12.13356485394282,very_high,1,186010.7,,999999.0,0,85,HIGH
4267d42c-0d2d-47ee-b54c-500d027fd291,USER7485,90572.52,electronics,2026-04-09 09:46:34.799089,Unknown,True,9,Thursday,1,11.413917175580096,very_high,1,90572.52,,999999.0,0,45,MEDIUM
55d14c18-9bd9-47c9-8374-6da2aaa20da7,USER7488,1204.43,gaming,2026-03-21 17:33:34.793882,Bangalore,False,17,Saturday,1,7.094591628743225,medium,1,1204.43,,999999.0,0,25,LOW
49771c24-63c2-4df6-8c41-d4aa971f31b0,USER7488,667.03,fashion,2026-04-24 02:37:34.787092,Chennai,False,2,Friday,0,6.504333082707855,low,2,1871.46,2026-03-21 17:33:34.793882,48063.999886833335,0,0,LOW
95bfad10-a077-413f-b2bb-33ab600a0719,USER7498,107001.95,electronics,2026-03-06 15:07:34.797676,Unknown,True,15,Friday,1,11.580611683157452,very_high,1,107001.95,,999999.0,0,85,HIGH
7845919c-a524-4062-8896-c02bc701a11e,USER7499,4634.85,grocery,2026-03-18 13:06:34.795121,Pune,False,13,Wednesday,0,8.441574848457332,medium,1,4634.85,,999999.0,0,0,LOW
674a61f8-415c-40b6-bfd1-ae2c6626db1f,USER7531,413.79,grocery,2026-05-02 15:42:34.790838,Unknown,False,15,Saturday,0,6.027772368060912,low,1,413.79,,999999.0,0,20,LOW
f48572f3-7afa-4069-b820-f75174e50746,USER7538,241.52,fashion,2026-04-11 16:21:34.795558,Hyderabad,False,16,Saturday,0,5.49108418120353,low,1,241.52,,999999.0,0,0,LOW
9c89286c-ddf1-490a-8054-53c00eb97427,USER7544,138588.73,electronics,2026-05-09 02:43:34.799829,Unknown,True,2,Saturday,1,11.83927326486844,very_high,1,138588.73,,999999.0,0,85,HIGH
d917db1f-73c4-424e-aba6-40dc9cd28b46,USER7584,154700.75,crypto,2026-03-31 22:49:34.798003,Unknown,True,22,Tuesday,1,11.94925434871437,very_high,1,154700.75,,999999.0,0,85,HIGH
adfd3ac3-329b-4792-9572-e03ec1069dd7,USER7587,113161.92,gaming,2026-05-10 10:43:34.799314,Unknown,True,10,Sunday,1,11.636583829253668,very_high,1,113161.92,,999999.0,0,85,HIGH
ff47a87f-2ce7-419f-8e3d-263581e82f48,USER7589,2641.78,healthcare,2026-03-27 15:50:34.790041,Delhi,False,15,Friday,0,7.879586672395901,medium,1,2641.78,,999999.0,0,0,LOW
c879c553-d8ab-4b6f-84b6-1c4be94b514c,USER7598,662.75,electronics,2026-04-28 22:43:34.790252,Bangalore,False,22,Tuesday,1,6.4979055725561485,low,1,662.75,,999999.0,0,25,LOW
56b6d601-34f4-419b-80b8-ccb51fc612f6,USER7637,4221.34,grocery,2026-04-10 20:30:34.795703,Bangalore,False,20,Friday,0,8.348144755720094,medium,1,4221.34,,999999.0,0,0,LOW
b47d7101-c1e1-4d44-86ce-1a7ef14be4e1,USER7652,498.69,restaurant,2026-04-06 05:41:34.796870,Unknown,False,5,Monday,0,6.213987906142712,low,1,498.69,,999999.0,0,20,LOW
7299133e-92a3-48fc-8201-ae470352557b,USER7653,524.41,electronics,2026-04-14 20:02:34.791266,Unknown,False,20,Tuesday,1,6.264178910187937,low,1,524.41,,999999.0,0,45,MEDIUM
d4b820c0-c60e-4d20-9d57-c541ea410d85,USER7658,147336.78,electronics,2026-03-30 05:00:34.799118,Unknown,True,5,Monday,1,11.900483052931763,very_high,1,147336.78,,999999.0,0,85,HIGH
c9c94c89-eb0a-4769-94a7-4c5a749b1d27,USER7663,1145.71,travel,2026-03-08 06:12:34.787504,Pune,False,6,Sunday,0,7.044652251682958,medium,1,1145.71,,999999.0,0,0,LOW
3ac92494-69a3-47d1-a39e-79f8f4e8c724,USER7672,174286.54,electronics,2026-05-08 23:38:34.799861,Unknown,True,23,Friday,1,12.068461743009095,very_high,1,174286.54,,999999.0,0,85,HIGH
5adbad46-b66a-4046-9a6a-34fb2687ec4e,USER7684,121279.24,electronics,2026-03-15 21:23:34.799949,Unknown,True,21,Sunday,1,11.705859179766062,very_high,1,121279.24,,999999.0,0,85,HIGH
b6c8acc7-be5d-4928-aba3-b7b971428f78,USER7698,1285.38,crypto,2026-03-14 12:49:34.796784,Pune,False,12,Saturday,1,7.159587351040161,medium,1,1285.38,,999999.0,0,25,LOW
8f5dd8cf-e796-4f99-8107-324ad8e4be5b,USER7717,1349.32,healthcare,2026-05-13 01:39:34.794369,Kolkata,False,1,Wednesday,0,7.208096880380673,medium,1,1349.32,,999999.0,0,0,LOW
38c75c38-4afa-4b61-9ac0-74d1993b63d7,USER7720,195577.85,electronics,2026-05-06 07:34:34.799511,Unknown,True,7,Wednesday,1,12.183718901902154,very_high,1,195577.85,,999999.0,0,85,HIGH
a1956ae6-8046-4809-9870-3ad490c0df68,USER7731,147109.45,gaming,2026-04-24 23:29:34.799546,Unknown,True,23,Friday,1,11.89893894417507,very_high,1,147109.45,,999999.0,0,85,HIGH
493f6171-e821-43c3-97da-5de00bbfbe76,USER7747,3374.2,travel,2026-04-14 12:46:34.790351,Delhi,False,12,Tuesday,0,8.12420986081013,medium,1,3374.2,,999999.0,0,0,LOW
14473e02-01b0-47ac-b304-6197d177b81e,USER7763,65404.51,crypto,2026-03-18 11:47:34.800156,Unknown,True,11,Wednesday,1,11.08836178466092,very_high,1,65404.51,,999999.0,0,45,MEDIUM
4759c52d-c6ef-4932-8fa2-766399bade46,USER7767,3162.0,gaming,2026-03-10 00:43:34.788238,Mumbai,False,0,Tuesday,1,8.059276223305648,medium,1,3162.0,,999999.0,0,25,LOW
3381c4d4-4ec7-4015-9ed6-b2f1f55caa9a,USER7776,4300.39,electronics,2026-03-30 21:45:34.794532,Unknown,False,21,Monday,1,8.366693505259704,medium,1,4300.39,,999999.0,0,45,MEDIUM
534e8cc3-688b-4e64-af8a-8c2b1944e1d7,USER7777,114074.89,crypto,2026-04-29 15:39:34.797851,Unknown,True,15,Wednesday,1,11.644619207649894,very_high,1,114074.89,,999999.0,0,85,HIGH
4c8b4520-155a-4376-8acf-4580be126011,USER7778,1390.25,grocery,2026-03-07 16:33:34.792587,Delhi,False,16,Saturday,0,7.237957902589755,medium,1,1390.25,,999999.0,0,0,LOW
a8bbb2c2-d092-4d6d-a124-3aae8169e659,USER7794,3628.06,travel,2026-04-13 09:21:34.796384,Bangalore,False,9,Monday,0,8.196728940556692,medium,1,3628.06,,999999.0,0,0,LOW
e555b7ce-b2f0-47d3-afcc-acc566ed1e51,USER7800,1973.71,fashion,2026-05-10 18:50:34.789860,Bangalore,False,18,Sunday,0,7.588176831110805,medium,1,1973.71,,999999.0,0,0,LOW
9e251b26-0149-4646-a2ee-0726d902aded,USER7801,96427.68,gaming,2026-05-05 10:52:34.799328,Unknown,True,10,Tuesday,1,11.476558946724646,very_high,1,96427.68,,999999.0,0,45,MEDIUM
1198236e-887c-4962-b6db-416d790dae4c,USER7807,2226.92,gaming,2026-04-07 15:03:34.796536,Delhi,False,15,Tuesday,1,7.708823693759787,medium,1,2226.92,,999999.0,0,25,LOW
2ca2b228-cc75-46bd-9b7e-ed6f172b516e,USER7810,2564.28,electronics,2026-03-26 22:08:34.796939,Unknown,False,22,Thursday,1,7.849822913440527,medium,1,2564.28,,999999.0,0,45,MEDIUM
94daef90-b4a9-4855-ae88-c39c1e3865f6,USER7815,4695.09,grocery,2026-04-27 09:23:34.792114,Chennai,False,9,Monday,0,8.4544855265713,medium,1,4695.09,,999999.0,0,0,LOW
c4bc04f6-f71f-43b6-a97c-c6b1d2a3295d,USER7815,1253.64,fashion,2026-04-29 20:05:34.795826,Delhi,False,20,Wednesday,0,7.134603957826169,medium,2,5948.7300000000005,2026-04-27 09:23:34.792114,3522.000061866667,0,0,LOW
c8afdd9c-a7c5-4a02-a68a-d5357a96bf82,USER7815,3436.46,restaurant,2026-05-02 07:37:34.795888,Bangalore,False,7,Saturday,0,8.142488105543487,medium,3,9385.19,2026-04-29 20:05:34.795826,3572.0000010333333,0,0,LOW
960266bb-b615-44a7-be0a-2f30e1785151,USER7823,2244.32,fashion,2026-03-13 04:45:34.789992,Mumbai,False,4,Friday,0,7.716603328994141,medium,1,2244.32,,999999.0,0,0,LOW
0df532ef-24df-4bb9-b2fd-c6af2f48ee60,USER7824,3635.23,grocery,2026-03-20 02:02:34.792711,Mumbai,False,2,Friday,0,8.198702709622404,medium,1,3635.23,,999999.0,0,0,LOW
295f636f-a421-4362-8047-c4cb1fb7a6ab,USER7830,380.41,restaurant,2026-03-08 12:51:34.794397,Mumbai,False,12,Sunday,0,5.94387491201505,low,1,380.41,,999999.0,0,0,LOW
de413df4-2b90-4db7-8cbb-745d334814c7,USER7850,395.04,gaming,2026-03-29 21:22:34.793674,Mumbai,False,21,Sunday,1,5.981515216254314,low,1,395.04,,999999.0,0,25,LOW
6aecc564-b544-4963-ac18-68e94aa7ee06,USER7870,2374.01,travel,2026-04-18 12:55:34.795485,Mumbai,False,12,Saturday,0,7.772756926986193,medium,1,2374.01,,999999.0,0,0,LOW
3533da56-93dc-4b44-b5ba-0afbcfc74c1a,USER7871,736.49,fashion,2026-03-07 20:31:34.787598,Bangalore,False,20,Saturday,0,6.603252528800013,low,1,736.49,,999999.0,0,0,LOW
67c2b91b-8668-4d1e-b6f2-07222dee3d84,USER7874,3992.02,restaurant,2026-05-11 07:46:34.788928,Unknown,False,7,Monday,0,8.292303115816017,medium,1,3992.02,,999999.0,0,20,LOW
a512fad5-400a-4cca-9a6a-dc7864ded65c,USER7881,143782.48,electronics,2026-03-25 20:02:34.798557,Unknown,True,20,Wednesday,1,11.876063835889417,very_high,1,143782.48,,999999.0,0,85,HIGH
c604ce74-979b-4159-97a2-33d6ebef13b9,USER7882,98960.41,crypto,2026-04-19 14:02:34.798803,Unknown,True,14,Sunday,1,11.502485255145949,very_high,1,98960.41,,999999.0,0,45,MEDIUM
f1319e41-c929-4986-9826-6d5445a41e3d,USER7900,82.43,gaming,2026-03-31 17:33:34.788697,Hyderabad,False,17,Tuesday,1,4.424007956913983,low,1,82.43,,999999.0,0,25,LOW
60f99b03-1089-467f-a190-ed159ee01f14,USER7900,4733.68,electronics,2026-04-24 13:59:34.793713,Unknown,False,13,Friday,1,8.462669421499042,medium,2,4816.110000000001,2026-03-31 17:33:34.788697,34346.0000836,0,45,MEDIUM
bac959b3-ca87-4ed4-8ce9-11416199edd3,USER7907,3303.21,restaurant,2026-05-10 10:41:34.789221,Mumbai,False,10,Sunday,0,8.102952691943095,medium,1,3303.21,,999999.0,0,0,LOW
b53a71cd-d2f6-4910-8c69-ee9b414a024c,USER7919,4605.42,restaurant,2026-04-14 20:19:34.795532,Unknown,False,20,Tuesday,0,8.435206261633828,medium,1,4605.42,,999999.0,0,20,LOW
248a3220-3198-4cf9-98d6-0da4ca6f1aff,USER7920,196826.79,electronics,2026-04-16 21:50:34.800607,Unknown,True,21,Thursday,1,12.19008446298078,very_high,1,196826.79,,999999.0,0,85,HIGH
73a3cb4b-3b70-4ea9-afef-6a102810b6e3,USER7922,4934.61,crypto,2026-04-17 03:53:34.789515,Delhi,False,3,Friday,1,8.504231551118444,medium,1,4934.61,,999999.0,0,25,LOW
ac42e1aa-410b-47af-b17a-7650c37f577e,USER7941,283.1,grocery,2026-05-07 13:56:34.791755,Bangalore,False,13,Thursday,0,5.649326288860142,low,1,283.1,,999999.0,0,0,LOW
b3b1fc1d-9834-4254-ac94-06204ab704cc,USER7965,1025.41,gaming,2026-05-08 06:51:34.791278,Mumbai,False,6,Friday,1,6.933822556044301,medium,1,1025.41,,999999.0,0,25,LOW
7060ee06-32c9-45f1-b2de-7c8e1a54db56,USER7987,766.82,fashion,2026-04-10 23:57:34.788955,Hyderabad,False,23,Friday,0,6.643555330677559,low,1,766.82,,999999.0,0,0,LOW
31e21e4a-a50e-452e-8985-b7455f402286,USER7999,2198.14,fashion,2026-03-06 13:04:34.790754,Hyderabad,False,13,Friday,0,7.695821653830622,medium,1,2198.14,,999999.0,0,0,LOW
4af01e7a-8427-4051-bbb2-b36b69d1f854,USER8013,140426.76,crypto,2026-05-14 12:03:34.797765,Unknown,True,12,Thursday,1,11.852448471827389,very_high,1,140426.76,,999999.0,0,85,HIGH
0bd5d60b-da5b-4213-b6b3-ba3d3beaaf02,USER8018,4346.83,restaurant,2026-04-21 19:49:34.795800,Bangalore,False,19,Tuesday,0,8.377432149040674,medium,1,4346.83,,999999.0,0,0,LOW
4a291ec6-7ed2-4da7-84ca-9caa40de24cd,USER8019,1444.36,crypto,2026-04-01 08:45:34.788722,Delhi,False,8,Wednesday,1,7.276113704465672,medium,1,1444.36,,999999.0,0,25,LOW
ece9a385-5832-4e55-b258-9d89796a8bab,USER8029,73822.53,gaming,2026-05-11 11:55:34.799356,Unknown,True,11,Monday,1,11.209432794459932,very_high,1,73822.53,,999999.0,0,45,MEDIUM
3006d453-68f0-4eb2-b979-af71f5f7d6b3,USER8058,4579.49,healthcare,2026-03-15 17:32:34.786651,Pune,False,17,Sunday,0,8.429561258285103,medium,1,4579.49,,999999.0,0,0,LOW
142c0c7a-02e2-4076-b43f-a22fea58615f,USER8076,4442.64,gaming,2026-03-28 03:00:34.789743,Bangalore,False,3,Saturday,1,8.399229139377377,medium,1,4442.64,,999999.0,0,25,LOW
96e34bbd-9cf3-4053-8dc5-bcecb43aa039,USER8089,4203.3,crypto,2026-03-10 01:42:34.792954,Delhi,False,1,Tuesday,1,8.343863090059738,medium,1,4203.3,,999999.0,0,25,LOW
1c57b720-30dd-4a86-b80c-15d03eac806e,USER8096,3725.92,travel,2026-04-09 18:59:34.794181,Pune,False,18,Thursday,0,8.22333743426364,medium,1,3725.92,,999999.0,0,0,LOW
35df05da-2810-4b0d-8551-e3ba7d539ca5,USER8113,1089.49,grocery,2026-03-11 19:50:34.793346,Chennai,False,19,Wednesday,0,6.994382415494182,medium,1,1089.49,,999999.0,0,0,LOW
be3c9431-0ed5-40f8-b3bf-830d75a5d1ac,USER8119,3119.65,healthcare,2026-04-16 15:25:34.787548,Hyderabad,False,15,Thursday,0,8.045796592438487,medium,1,3119.65,,999999.0,0,0,LOW
06932160-e3d4-449b-93da-57f981be5135,USER8140,136829.19,electronics,2026-03-18 22:40:34.799706,Unknown,True,22,Wednesday,1,11.826495946957266,very_high,1,136829.19,,999999.0,0,85,HIGH
2aecd09e-231c-4be9-bede-cd8d8733acd3,USER8148,977.02,healthcare,2026-05-08 17:14:34.796309,Pune,False,17,Friday,0,6.885530119723471,low,1,977.02,,999999.0,0,0,LOW
799cc239-92ff-4fe7-812e-837396f4e64b,USER8184,4317.48,gaming,2026-03-09 21:14:34.791108,Delhi,False,21,Monday,1,8.370658767471918,medium,1,4317.48,,999999.0,0,25,LOW
6f814c17-0932-4c95-abfc-2a1fe2840341,USER8185,195010.15,crypto,2026-03-15 10:33:34.799920,Unknown,True,10,Sunday,1,12.18081201539838,very_high,1,195010.15,,999999.0,0,85,HIGH
ce3d8394-cc31-426f-8d9e-89cbd906699f,USER8186,1404.4,grocery,2026-03-23 04:41:34.789406,Delhi,False,4,Monday,0,7.248077238758097,medium,1,1404.4,,999999.0,0,0,LOW
6d17cad6-2515-46bf-93bc-96c82f820d17,USER8199,4975.13,crypto,2026-05-03 05:23:34.787834,Hyderabad,False,5,Sunday,1,8.512407759479682,medium,1,4975.13,,999999.0,0,25,LOW
d9bc77fc-a06f-423d-bb83-798837ba77fa,USER8212,532.54,electronics,2026-03-09 20:49:34.788861,Unknown,False,20,Monday,1,6.279534044501028,low,1,532.54,,999999.0,0,45,MEDIUM
1f8abd73-e6b4-471b-abf5-4ae512a20d37,USER8219,1553.36,healthcare,2026-05-11 10:15:34.791030,Chennai,False,10,Monday,0,7.348819164330165,medium,1,1553.36,,999999.0,0,0,LOW
3d3249fc-9bba-45bb-9c71-97d79161feb0,USER8220,2530.03,healthcare,2026-03-29 19:03:34.790888,Pune,False,19,Sunday,0,7.836381613497398,medium,1,2530.03,,999999.0,0,0,LOW
02366fbf-902c-4755-ba7d-2db255e4424a,USER8224,4018.92,electronics,2026-03-07 17:05:34.790688,Mumbai,False,17,Saturday,1,8.299017280917537,medium,1,4018.92,,999999.0,0,25,LOW
a94c1238-a793-44ff-8745-fcce23c60846,USER8242,3883.57,travel,2026-03-06 07:47:34.787734,Pune,False,7,Friday,0,8.264767574565349,medium,1,3883.57,,999999.0,0,0,LOW
73f9850f-4d22-4db1-8218-40f75233b254,USER8247,2365.25,grocery,2026-03-09 07:30:34.790277,Pune,False,7,Monday,0,7.7690617025235325,medium,1,2365.25,,999999.0,0,0,LOW
7a7dcd5b-4ba6-4a7b-b4d3-346753dd61c4,USER8257,1936.47,travel,2026-03-12 22:45:34.787586,Hyderabad,False,22,Thursday,0,7.569138277236658,medium,1,1936.47,,999999.0,0,0,LOW
f1152bd8-771b-422a-94e8-9ffae3eaf13f,USER8263,3951.4,grocery,2026-04-17 19:52:34.791096,Kolkata,False,19,Friday,0,8.282078268320808,medium,1,3951.4,,999999.0,0,0,LOW
3512f85c-eb75-40af-81f7-2a6dd3ca96b1,USER8272,2816.55,travel,2026-05-01 20:31:34.786766,Unknown,False,20,Friday,0,7.943622991985396,medium,1,2816.55,,999999.0,0,20,LOW
14d9936d-4b6c-4b5b-a724-dd50c876c03e,USER8273,914.95,grocery,2026-04-15 10:10:34.792431,Unknown,False,10,Wednesday,0,6.819961778031468,low,1,914.95,,999999.0,0,20,LOW
b77c1af0-d576-4f90-b332-19e5956d0418,USER8287,3043.05,restaurant,2026-04-07 15:52:34.795182,Delhi,False,15,Tuesday,0,8.020944144602261,medium,1,3043.05,,999999.0,0,0,LOW
0f911880-afc6-4dda-859f-c349cb11063b,USER8293,3740.02,electronics,2026-04-06 12:29:34.790851,Pune,False,12,Monday,1,8.227113580497983,medium,1,3740.02,,999999.0,0,25,LOW
e043af07-2b1e-4975-8a90-2a87fc41e3ec,USER8301,2003.89,crypto,2026-05-09 08:41:34.793700,Unknown,False,8,Saturday,1,7.603344475392756,medium,1,2003.89,,999999.0,0,45,MEDIUM
4caac8d5-8cf7-4339-9060-4fe2fb640eed,USER8319,3231.59,restaurant,2026-03-11 16:50:34.788553,Bangalore,False,16,Wednesday,0,8.081038952485804,medium,1,3231.59,,999999.0,0,0,LOW
986e8458-8548-4b17-a5a4-c2981c26752a,USER8354,182171.91,crypto,2026-04-29 02:03:34.800355,Unknown,True,2,Wednesday,1,12.112711569987423,very_high,1,182171.91,,999999.0,0,85,HIGH
39640af1-bfb7-45bc-8db8-e42ed4637dba,USER8384,3623.5,restaurant,2026-04-11 21:46:34.796610,Hyderabad,False,21,Saturday,0,8.195471626740932,medium,1,3623.5,,999999.0,0,0,LOW
17eaf333-14e7-4134-9fb9-3ddd5a5c6293,USER8386,3324.95,gaming,2026-03-16 22:25:34.789701,Hyderabad,False,22,Monday,1,8.109510626567115,medium,1,3324.95,,999999.0,0,25,LOW
4a051253-1c7e-44a0-893c-4c6bcd9e23f4,USER8388,1721.3,restaurant,2026-03-22 02:25:34.786495,Kolkata,False,2,Sunday,0,7.451415885841701,medium,1,1721.3,,999999.0,0,0,LOW
1769b7ac-05d0-41c1-a2af-b42c59693af2,USER8435,4425.36,crypto,2026-03-21 06:51:34.792079,Unknown,False,6,Saturday,1,8.39533285485411,medium,1,4425.36,,999999.0,0,45,MEDIUM
2efe508a-0fe6-4d3b-967e-2b09bb048800,USER8441,689.92,grocery,2026-03-14 21:50:34.795446,Delhi,False,21,Saturday,0,6.538024042825084,low,1,689.92,,999999.0,0,0,LOW
4c772d67-7db7-4830-9f37-e8b38a497318,USER8442,3784.6,fashion,2026-04-03 12:39:34.794425,Kolkata,False,12,Friday,0,8.238959673784068,medium,1,3784.6,,999999.0,0,0,LOW
28c145eb-ef59-4aa7-9ecc-a5a39c94f646,USER8444,122492.69,gaming,2026-04-05 12:00:34.798520,Unknown,True,12,Sunday,1,11.71581479743614,very_high,1,122492.69,,999999.0,0,85,HIGH
c1f0fdd5-f476-42c7-ab64-db32dff9d350,USER8445,4660.56,restaurant,2026-03-08 01:56:34.787214,Mumbai,False,1,Sunday,0,8.447105435047241,medium,1,4660.56,,999999.0,0,0,LOW
b73d8ece-6abe-49de-8868-e99934667dc3,USER8454,2667.8,travel,2026-03-12 20:07:34.789175,Delhi,False,20,Thursday,0,7.889384212164428,medium,1,2667.8,,999999.0,0,0,LOW
0b44b1a7-ac42-4f24-a8f6-e297aca7baed,USER8463,431.72,restaurant,2026-03-21 16:42:34.794331,Pune,False,16,Saturday,0,6.070090867563172,low,1,431.72,,999999.0,0,0,LOW
486e4302-4244-4ed6-94aa-ae645b1f36a2,USER8464,747.14,restaurant,2026-04-28 00:17:34.796690,Mumbai,False,0,Tuesday,0,6.61759012623655,low,1,747.14,,999999.0,0,0,LOW
b6ffc686-fd65-4370-8026-369f1b59a0d7,USER8477,2287.25,travel,2026-05-01 14:27:34.793909,Unknown,False,14,Friday,0,7.735542612264889,medium,1,2287.25,,999999.0,0,20,LOW
634a24a4-deb7-45f3-af90-c0c43332f30f,USER8522,1322.75,grocery,2026-03-09 03:19:34.786970,Pune,False,3,Monday,0,7.188223896915616,medium,1,1322.75,,999999.0,0,0,LOW
18fed7bf-7108-486e-bfef-f2c763b6f9b8,USER8538,4617.74,grocery,2026-04-25 15:42:34.797324,Pune,False,15,Saturday,0,8.43787721960621,medium,1,4617.74,,999999.0,0,0,LOW
127b8024-ab40-4d5a-9d36-d3f44dda95eb,USER8539,505.91,travel,2026-03-24 21:18:34.790778,Chennai,False,21,Tuesday,0,6.228333473040668,low,1,505.91,,999999.0,0,0,LOW
a6df7308-9d55-4e13-a697-9096d3218a1f,USER8554,1857.83,grocery,2026-03-25 18:08:34.788809,Delhi,False,18,Wednesday,0,7.527702536525386,medium,1,1857.83,,999999.0,0,0,LOW
752d5096-360e-4efb-9523-31bbb2e05a3a,USER8560,2789.41,healthcare,2026-03-22 16:56:34.794506,Hyderabad,False,16,Sunday,0,7.9339438174238355,medium,1,2789.41,,999999.0,0,0,LOW
f9ee02b4-9256-4ee2-8821-193a295593e8,USER8586,1860.76,travel,2026-03-22 15:24:34.794648,Bangalore,False,15,Sunday,0,7.529277555866782,medium,1,1860.76,,999999.0,0,0,LOW
a6cab5e5-0ca7-44fd-ae8b-57058745b5a0,USER8587,3857.74,grocery,2026-04-25 03:01:34.791253,Mumbai,False,3,Saturday,0,8.258095984300216,medium,1,3857.74,,999999.0,0,0,LOW
567bc0ee-29d3-422e-bc1b-d3d49f62ce31,USER8587,724.37,fashion,2026-05-10 16:40:34.796623,Unknown,False,16,Sunday,0,6.586681869500629,low,2,4582.11,2026-04-25 03:01:34.791253,22419.0000895,0,20,LOW
9dc3564c-c66f-4345-af06-e1d59f77176b,USER8597,4196.96,restaurant,2026-04-13 15:06:34.792381,Chennai,False,15,Monday,0,8.342353971988352,medium,1,4196.96,,999999.0,0,0,LOW
ad1efdaf-95fc-4b17-b503-7de5bafb50b5,USER8602,453.54,restaurant,2026-03-15 17:22:34.793394,Mumbai,False,17,Sunday,0,6.119285918545867,low,1,453.54,,999999.0,0,0,LOW
4774567c-2730-4aba-af84-4cdc632a4beb,USER8604,181389.86,electronics,2026-04-29 23:18:34.799464,Unknown,True,23,Wednesday,1,12.10840942950622,very_high,1,181389.86,,999999.0,0,85,HIGH
13c9cb86-c8e5-42e7-91c7-9dd6674037b9,USER8618,2925.46,travel,2026-04-15 21:48:34.791353,Delhi,False,21,Wednesday,0,7.981548780433525,medium,1,2925.46,,999999.0,0,0,LOW
7cf70e73-ddb9-4587-b3c2-5c8bf9a0e7eb,USER8621,2213.54,grocery,2026-05-11 08:51:34.790290,Chennai,False,8,Monday,0,7.702799985968242,medium,1,2213.54,,999999.0,0,0,LOW
70f1b044-ffca-4c43-8873-dcc2ba705489,USER8624,4468.17,gaming,2026-03-18 03:33:34.794628,Bangalore,False,3,Wednesday,1,8.404957988039895,medium,1,4468.17,,999999.0,0,25,LOW
c25114f0-3894-4fd8-a0a5-5a86f48f6395,USER8626,273.34,healthcare,2026-03-16 07:05:34.791821,Kolkata,False,7,Monday,0,5.614368213050261,low,1,273.34,,999999.0,0,0,LOW
dce88518-4b2a-4563-8814-7013ec8eec7b,USER8626,72.6,crypto,2026-03-28 02:05:34.790327,Hyderabad,False,2,Saturday,1,4.298645025734831,low,2,345.93999999999994,2026-03-16 07:05:34.791821,16979.9999751,0,25,LOW
9a95f3d1-e134-4f8b-bfd0-57b244f87c1b,USER8639,1942.03,restaurant,2026-03-22 09:53:34.790953,Bangalore,False,9,Sunday,0,7.572003889299418,medium,1,1942.03,,999999.0,0,0,LOW
4b508056-6eb0-4d4f-b6d9-725d80cbce99,USER8646,2185.12,electronics,2026-04-18 16:03:34.796898,Hyderabad,False,16,Saturday,1,7.689883562014816,medium,1,2185.12,,999999.0,0,25,LOW
6f8d633b-0d0f-4693-a17f-075387ad3022,USER8656,116.48,electronics,2026-05-01 01:18:34.797227,Mumbai,False,1,Friday,1,4.766268106330419,low,1,116.48,,999999.0,0,25,LOW
0121ab7b-621d-4808-8d46-f46e85422785,USER8661,963.32,crypto,2026-04-20 21:52:34.786778,Bangalore,False,21,Monday,1,6.871423189734734,low,1,963.32,,999999.0,0,25,LOW
7690d666-b0e9-476d-bcd4-ed828331163d,USER8683,3023.98,restaurant,2026-03-19 04:18:34.795309,Kolkata,False,4,Thursday,0,8.014659758872837,medium,1,3023.98,,999999.0,0,0,LOW
103b08e5-8dd4-4649-808b-174834f25f00,USER8689,2832.16,grocery,2026-04-15 12:32:34.791426,Bangalore,False,12,Wednesday,0,7.949147975468353,medium,1,2832.16,,999999.0,0,0,LOW
0780cfb7-b5f8-4534-b7e1-4d5860751bb0,USER8695,416.87,grocery,2026-04-26 12:56:34.790065,Pune,False,12,Sunday,0,6.03517037936805,low,1,416.87,,999999.0,0,0,LOW
1c0fad70-7c12-47a1-ac77-66c32b4bd085,USER8697,1489.23,crypto,2026-03-17 12:29:34.797202,Delhi,False,12,Tuesday,1,7.30668574944296,medium,1,1489.23,,999999.0,0,25,LOW
e15eb355-f321-4d51-a6c3-e8e7046fb7f4,USER8704,124039.68,gaming,2026-05-03 16:26:34.798887,Unknown,True,16,Sunday,1,11.728364855301908,very_high,1,124039.68,,999999.0,0,85,HIGH
25b98853-ecb4-4dcd-b6bd-1c5554de2b71,USER8714,2608.87,healthcare,2026-04-28 17:34:34.794076,Hyderabad,False,17,Tuesday,0,7.867055690647139,medium,1,2608.87,,999999.0,0,0,LOW
8280c831-295c-4abf-94c7-144741a5b3b0,USER8724,154276.74,gaming,2026-03-27 19:16:34.800447,Unknown,True,19,Friday,1,11.946509763524178,very_high,1,154276.74,,999999.0,0,85,HIGH
5b3d61fe-6b3b-456a-ad44-a9e0dbac7b33,USER8736,4301.18,gaming,2026-03-07 01:47:34.788490,Hyderabad,False,1,Saturday,1,8.366877149956549,medium,1,4301.18,,999999.0,0,25,LOW
b7949745-9c92-42da-9cbd-48b3dce30bda,USER8767,2542.54,travel,2026-04-05 19:02:34.789371,Unknown,False,19,Sunday,0,7.841312090500475,medium,1,2542.54,,999999.0,0,20,LOW
179add06-87f6-49f8-a59f-f2cf2b0b2cb8,USER8769,797.88,healthcare,2026-05-12 10:12:34.796075,Unknown,False,10,Tuesday,0,6.683210746752299,low,1,797.88,,999999.0,0,20,LOW
6002a33b-3887-41b8-9e50-3fcf66b89f7f,USER8770,2568.8,gaming,2026-04-22 11:57:34.796166,Bangalore,False,11,Wednesday,1,7.851583353849381,medium,1,2568.8,,999999.0,0,25,LOW
98280e3a-2087-4567-90da-2fa1e91bf10a,USER8778,2891.29,travel,2026-04-22 19:24:34.795231,Kolkata,False,19,Wednesday,0,7.969803854876464,medium,1,2891.29,,999999.0,0,0,LOW
9b402959-7a42-4bae-b199-f82294bc7af8,USER8779,3680.43,fashion,2026-03-14 03:37:34.790363,Delhi,False,3,Saturday,0,8.21105654263914,medium,1,3680.43,,999999.0,0,0,LOW
f046db0d-6b92-4da5-bddc-6cf5b021b23b,USER8783,873.3,crypto,2026-03-20 07:55:34.791401,Unknown,False,7,Friday,1,6.773423566186845,low,1,873.3,,999999.0,0,45,MEDIUM
7ae176da-fa42-41b6-bebb-a021938a63f8,USER8787,3081.83,healthcare,2026-03-12 07:27:34.793763,Unknown,False,7,Thursday,0,8.03360328526949,medium,1,3081.83,,999999.0,0,20,LOW
66233ad7-5900-47b2-b63c-40576dc4be48,USER8795,3400.99,grocery,2026-04-01 13:51:34.792661,Hyderabad,False,13,Wednesday,0,8.132115833504104,medium,1,3400.99,,999999.0,0,0,LOW
41d55d7e-6471-4197-ab8c-8a44f8a5142b,USER8796,2150.37,gaming,2026-03-26 22:25:34.797379,Hyderabad,False,22,Thursday,1,7.673860127492387,medium,1,2150.37,,999999.0,0,25,LOW
6e490d65-faa1-4d32-85e5-f47e5b9290bc,USER8817,3637.48,restaurant,2026-04-03 20:07:34.788108,Bangalore,False,20,Friday,0,8.199321291001386,medium,1,3637.48,,999999.0,0,0,LOW
9d90fe5d-0dc6-4921-b323-bc33cdcacf16,USER8818,2332.03,fashion,2026-04-13 18:28:34.794573,Bangalore,False,18,Monday,0,7.754923130918608,medium,1,2332.03,,999999.0,0,0,LOW
d44e3759-40e7-4eb1-ad37-ffdffc67c2d9,USER8823,4875.59,crypto,2026-03-18 19:44:34.789872,Mumbai,False,19,Wednesday,1,8.492201484101498,medium,1,4875.59,,999999.0,0,25,LOW
e6b67e3f-6c8f-4ad5-b841-4c98ea45bbd0,USER8830,145.54,travel,2026-03-14 22:19:34.795716,Unknown,False,22,Saturday,0,4.987298428731818,low,1,145.54,,999999.0,0,20,LOW
e136912b-668d-4c0a-a96e-a6006fac1e98,USER8849,954.84,fashion,2026-03-06 06:03:34.795638,Unknown,False,6,Friday,0,6.862590535027745,low,1,954.84,,999999.0,0,20,LOW
a41a8c51-18bf-4284-9636-5fc0d460d61c,USER8851,2491.37,crypto,2026-05-05 20:24:34.797047,Unknown,False,20,Tuesday,1,7.82098934400639,medium,1,2491.37,,999999.0,0,45,MEDIUM
84226445-357a-4822-a2a1-a18bb5ee249c,USER8856,3058.28,fashion,2026-04-18 23:20:34.797428,Chennai,False,23,Saturday,0,8.025934873142775,medium,1,3058.28,,999999.0,0,0,LOW
396a2c04-b4d5-4233-b34e-52cba43dfc23,USER8857,3663.47,electronics,2026-04-05 15:55:34.787785,Delhi,False,15,Sunday,1,8.206438992676643,medium,1,3663.47,,999999.0,0,25,LOW
184cebb3-c0d9-4017-988c-ce08a3d77861,USER8885,1978.68,electronics,2026-03-19 09:51:34.796435,Mumbai,False,9,Thursday,1,7.590690494465665,medium,1,1978.68,,999999.0,0,25,LOW
dedfd873-c0bd-4001-b965-16c6f9e8e360,USER8888,75.68,electronics,2026-03-10 08:57:34.790814,Mumbai,False,8,Tuesday,1,4.339640918177444,low,1,75.68,,999999.0,0,25,LOW
dc4b84e9-9854-4039-b9d7-27ab0ec67923,USER8893,4795.52,healthcare,2026-03-27 04:49:34.794051,Unknown,False,4,Friday,0,8.475645933956388,medium,1,4795.52,,999999.0,0,20,LOW
ef058db5-1fce-49d8-a578-0f9e4b865b96,USER8907,2219.58,gaming,2026-03-30 22:41:34.791121,Unknown,False,22,Monday,1,7.705523702004807,medium,1,2219.58,,999999.0,0,45,MEDIUM
8c881fb6-7078-4075-8de7-10e8ef25f6b2,USER8912,1761.22,electronics,2026-05-14 03:08:34.789208,Kolkata,False,3,Thursday,1,7.474329656817776,medium,1,1761.22,,999999.0,0,25,LOW
e4b52ce4-cca4-4606-8c80-9f4b3692b8e9,USER8918,4432.47,travel,2026-03-14 10:05:34.787822,Kolkata,False,10,Saturday,0,8.396937852134261,medium,1,4432.47,,999999.0,0,0,LOW
ea94cac5-f5cb-407f-a779-b99917ca224d,USER8928,162978.36,gaming,2026-03-14 09:32:34.797961,Unknown,True,9,Saturday,1,12.00137884600431,very_high,1,162978.36,,999999.0,0,85,HIGH
4c84dbaf-4df1-4546-bbfa-ad77f87cc11d,USER8928,2350.72,gaming,2026-03-31 07:14:34.795875,Hyderabad,False,7,Tuesday,1,7.762902254312739,medium,2,165329.08,2026-03-14 09:32:34.797961,24341.99996523333,0,25,LOW
ce8300ac-e549-415b-bbcd-3d6590616f75,USER8931,2751.28,grocery,2026-05-04 10:51:34.789432,Mumbai,False,10,Monday,0,7.920184938063692,medium,1,2751.28,,999999.0,0,0,LOW
3c0d6dda-1b86-4438-8867-d887517ef60e,USER8935,2028.24,electronics,2026-04-08 10:24:34.789116,Chennai,False,10,Wednesday,1,7.615416617700105,medium,1,2028.24,,999999.0,0,25,LOW
d5b4d8c5-dd58-4651-a307-93ff0c04682a,USER8937,83411.96,gaming,2026-04-17 14:35:34.797781,Unknown,True,14,Friday,1,11.331558971957634,very_high,1,83411.96,,999999.0,0,45,MEDIUM
159416ea-33ef-4086-a88f-eeb1ce886ee1,USER8940,86577.9,gaming,2026-03-20 10:54:34.799891,Unknown,True,10,Friday,1,11.368811415902558,very_high,1,86577.9,,999999.0,0,45,MEDIUM
adc55214-d3e6-4f04-8388-a1fb594ee5c5,USER8942,1116.34,fashion,2026-03-31 03:29:34.789079,Delhi,False,3,Tuesday,0,7.018706139503176,medium,1,1116.34,,999999.0,0,0,LOW
a3660dfd-a075-45cc-9c96-be73685b9ab3,USER8947,4003.83,electronics,2026-05-07 01:51:34.787870,Pune,False,1,Thursday,1,8.295256411660239,medium,1,4003.83,,999999.0,0,25,LOW
e5902187-5571-4d30-a026-bc03e112b42a,USER8956,187747.74,crypto,2026-05-12 09:54:34.798227,Unknown,True,9,Tuesday,1,12.142859858551931,very_high,1,187747.74,,999999.0,0,85,HIGH
008d1e28-1cb4-40ba-aab9-29eb68923307,USER8957,93668.76,gaming,2026-03-18 22:40:34.798644,Unknown,True,22,Wednesday,1,11.447530684013495,very_high,1,93668.76,,999999.0,0,45,MEDIUM
f382f3b6-e037-4b30-a7b9-423b4e330f23,USER8977,153103.21,crypto,2026-05-08 10:19:34.800200,Unknown,True,10,Friday,1,11.938874079634784,very_high,1,153103.21,,999999.0,0,85,HIGH
7b432944-24b0-40a0-b8db-a2403a141992,USER8992,2937.97,healthcare,2026-03-14 14:16:34.788142,Chennai,False,14,Saturday,0,7.9858144588132305,medium,1,2937.97,,999999.0,0,0,LOW
21738a88-dbf0-4c58-a93c-256b3f944119,USER8998,118523.7,electronics,2026-04-15 02:19:34.800333,Unknown,True,2,Wednesday,1,11.682876656655536,very_high,1,118523.7,,999999.0,0,85,HIGH
3e064bbe-1aa3-45c8-bb1c-0f04994d65f4,USER9017,3435.74,travel,2026-04-23 09:50:34.792636,Unknown,False,9,Thursday,0,8.142278626621538,medium,1,3435.74,,999999.0,0,20,LOW
106de232-26ab-4450-9288-c2c2e3a87c72,USER9021,3599.45,healthcare,2026-04-30 16:59:34.797441,Bangalore,False,16,Thursday,0,8.188814116632352,medium,1,3599.45,,999999.0,0,0,LOW
d1f362e8-1fe7-4f7d-a3d0-47b521b36f11,USER9022,4024.07,fashion,2026-04-19 09:20:34.795970,Mumbai,False,9,Sunday,0,8.300297581005784,medium,1,4024.07,,999999.0,0,0,LOW
8c5b4b66-f33c-4be6-b82b-9890eb9a075e,USER9034,1056.39,grocery,2026-04-30 03:50:34.788873,Bangalore,False,3,Thursday,0,6.9635588865975615,medium,1,1056.39,,999999.0,0,0,LOW
34562e06-c270-42e5-9eca-d8b862a43bf1,USER9070,3399.12,electronics,2026-04-15 20:53:34.795195,Mumbai,False,20,Wednesday,1,8.131566004099078,medium,1,3399.12,,999999.0,0,25,LOW
df60d801-79e0-4d46-aae5-b9e7456c9b25,USER9077,787.79,grocery,2026-04-09 21:32:34.791463,Chennai,False,21,Thursday,0,6.670500125723279,low,1,787.79,,999999.0,0,0,LOW
8c30129e-91f7-405c-981b-b4ce5ba0f11a,USER9085,153429.49,electronics,2026-05-13 21:56:34.799008,Unknown,True,21,Wednesday,1,11.941002909572944,very_high,1,153429.49,,999999.0,0,85,HIGH
f69b344c-3c03-4db5-8489-211338a57800,USER9096,1084.89,crypto,2026-05-01 20:42:34.791951,Delhi,False,20,Friday,1,6.990155206229352,medium,1,1084.89,,999999.0,0,25,LOW
1c6953dc-3706-49db-898e-7e8ab754fbc3,USER9098,4539.45,grocery,2026-04-24 11:53:34.796858,Mumbai,False,11,Friday,0,8.420781405066167,medium,1,4539.45,,999999.0,0,0,LOW
3bdaeec2-ce31-4a96-b497-d91554ad2ede,USER9098,113074.66,electronics,2026-04-26 07:29:34.799876,Unknown,True,7,Sunday,1,11.63581243116297,very_high,2,117614.11,2026-04-24 11:53:34.796858,2616.0000503,0,85,HIGH
b9799e12-cb97-4105-9e93-966f4f8392b3,USER9128,4639.33,travel,2026-05-06 03:52:34.787774,Pune,False,3,Wednesday,0,8.442540763381,medium,1,4639.33,,999999.0,0,0,LOW
5587565f-2aaf-49b2-82b8-6967c0eb85a3,USER9145,4158.62,travel,2026-04-26 12:43:34.790827,Kolkata,False,12,Sunday,0,8.333179002929148,medium,1,4158.62,,999999.0,0,0,LOW
2b501afd-0907-4da8-bbe0-920b009318a0,USER9154,74752.61,gaming,2026-03-20 22:15:34.798873,Unknown,True,22,Friday,1,11.221952784401182,very_high,1,74752.61,,999999.0,0,45,MEDIUM
bc67d4dc-58c3-4185-8162-f5336e7f8c59,USER9173,141431.8,electronics,2026-03-06 21:38:34.800084,Unknown,True,21,Friday,1,11.859579971598391,very_high,1,141431.8,,999999.0,0,85,HIGH
d6f53b8f-3912-41dd-9e6d-5a74f15caf30,USER9173,3398.72,restaurant,2026-04-18 02:49:34.790052,Delhi,False,2,Saturday,0,8.131448354271887,medium,2,144830.52,2026-03-06 21:38:34.800084,60790.9998328,0,0,LOW
fc30e701-f8ba-4474-837f-d534b6bde7b5,USER9188,1498.89,travel,2026-05-03 05:33:34.794267,Delhi,False,5,Sunday,0,7.313147051067948,medium,1,1498.89,,999999.0,0,0,LOW
4a0ef7d5-031e-4708-bcc0-4305c9f28778,USER9194,4137.15,healthcare,2026-03-11 18:32:34.787610,Bangalore,False,18,Wednesday,0,8.328004107044338,medium,1,4137.15,,999999.0,0,0,LOW
e317ca06-3830-4ace-92cf-8ee813de2030,USER9194,1147.03,electronics,2026-04-16 15:32:34.786697,Delhi,False,15,Thursday,1,7.045802708942247,medium,2,5284.179999999999,2026-03-11 18:32:34.787610,51659.99998478333,0,25,LOW
66d4ed75-1128-48e9-acf6-ef2391b48b0c,USER9208,2807.04,crypto,2026-05-05 16:51:34.788526,Pune,False,16,Tuesday,1,7.940242010058488,medium,1,2807.04,,999999.0,0,25,LOW
13081ef4-71a5-402e-8b6a-ae7e181d7679,USER9213,181982.95,crypto,2026-04-25 21:25:34.798286,Unknown,True,21,Saturday,1,12.11167377535706,very_high,1,181982.95,,999999.0,0,85,HIGH
7fbe9f4b-287a-4494-bf2d-50d962f8d552,USER9214,3734.76,healthcare,2026-04-25 10:17:34.788051,Mumbai,False,10,Saturday,0,8.225706557456574,medium,1,3734.76,,999999.0,0,0,LOW
eb9b6deb-949c-451e-ade1-a83047796cc6,USER9242,1670.27,crypto,2026-03-23 14:38:34.793407,Hyderabad,False,14,Monday,1,7.421339095435049,medium,1,1670.27,,999999.0,0,25,LOW
726b3354-b104-4e37-84c2-16209dbbcca2,USER9252,3628.63,gaming,2026-03-26 16:58:34.795406,Mumbai,False,16,Thursday,1,8.196885993689191,medium,1,3628.63,,999999.0,0,25,LOW
c74334b6-0eb9-4fc4-b3f0-415f52599a92,USER9256,2790.24,crypto,2026-03-06 09:18:34.793985,Kolkata,False,9,Friday,1,7.934241220523678,medium,1,2790.24,,999999.0,0,25,LOW
52b1bb8c-e401-4c79-ae8b-83c88fba0530,USER9267,1664.59,gaming,2026-04-10 12:41:34.793434,Unknown,False,12,Friday,1,7.417934694000222,medium,1,1664.59,,999999.0,0,45,MEDIUM
26d0193c-86b1-4417-8511-86c8c3482f3e,USER9271,145990.92,crypto,2026-05-12 17:07:34.799299,Unknown,True,17,Tuesday,1,11.89130655669327,very_high,1,145990.92,,999999.0,0,85,HIGH
039102e4-028a-4932-965f-bb6ab956ef0e,USER9284,2637.41,healthcare,2026-04-12 10:47:34.795035,Pune,False,10,Sunday,0,7.877931741974016,medium,1,2637.41,,999999.0,0,0,LOW
c89d7705-4906-4910-a5fc-bd4110633c76,USER9289,4291.14,crypto,2026-04-17 15:44:34.792445,Unknown,False,15,Friday,1,8.36454072204433,medium,1,4291.14,,999999.0,0,45,MEDIUM
b591a4c8-9afe-46ef-9a1c-9066bcd4f1a7,USER9291,1602.1,travel,2026-03-13 00:50:34.796020,Unknown,False,0,Friday,0,7.379694533695628,medium,1,1602.1,,999999.0,0,20,LOW
88864e8f-c333-4cc3-acbd-d11ab3e393d4,USER9293,2513.34,crypto,2026-03-28 06:41:34.792067,Delhi,False,6,Saturday,1,7.82976562264694,medium,1,2513.34,,999999.0,0,25,LOW
a6130188-8ace-4efa-809c-839e8e8e540f,USER9307,187.53,fashion,2026-05-02 21:58:34.797008,Pune,False,21,Saturday,0,5.239257145418492,low,1,187.53,,999999.0,0,0,LOW
89f3e71f-bcb1-4007-90ad-27ac486314ea,USER9313,3595.47,gaming,2026-04-05 06:22:34.791938,Mumbai,False,6,Sunday,1,8.18770808782955,medium,1,3595.47,,999999.0,0,25,LOW
e9eee882-aa84-49d9-b95d-8e9fc9dfd6d1,USER9342,124418.64,gaming,2026-04-17 09:49:34.800114,Unknown,True,9,Friday,1,11.73141532463933,very_high,1,124418.64,,999999.0,0,85,HIGH
7768a704-ee3b-4907-9814-7e99f2565a21,USER9365,4953.91,healthcare,2026-04-25 02:22:34.790029,Chennai,False,2,Saturday,0,8.50813428312789,medium,1,4953.91,,999999.0,0,0,LOW
bd9e6570-5272-455f-8042-33a2b8af1c1e,USER9419,76662.87,crypto,2026-04-25 14:56:34.799934,Unknown,True,14,Saturday,1,11.247185820311003,very_high,1,76662.87,,999999.0,0,45,MEDIUM
0b2e892b-f917-4963-98be-dd6abaf572a3,USER9426,194347.65,gaming,2026-03-24 02:59:34.799677,Unknown,True,2,Tuesday,1,12.177408990025215,very_high,1,194347.65,,999999.0,0,85,HIGH
96f5d946-4ed9-455a-84e9-5c8c736d4a77,USER9435,4517.98,grocery,2026-04-11 23:34:34.789447,Bangalore,False,23,Saturday,0,8.416041583643574,medium,1,4517.98,,999999.0,0,0,LOW
4a32deb8-68b7-49f4-804c-948798865966,USER9441,156156.7,crypto,2026-03-11 18:19:34.799478,Unknown,True,18,Wednesday,1,11.958621673054848,very_high,1,156156.7,,999999.0,0,85,HIGH
50fa4663-f154-4af1-b83d-906aea230280,USER9443,2014.93,grocery,2026-04-20 00:20:34.787937,Kolkata,False,0,Monday,0,7.608835906366207,medium,1,2014.93,,999999.0,0,0,LOW
200d827e-e020-4035-bc3a-c8d8659136e6,USER9444,2999.85,travel,2026-04-22 12:20:34.791497,Delhi,False,12,Wednesday,0,8.006650860852272,medium,1,2999.85,,999999.0,0,0,LOW
920a106c-949c-4c6f-9443-f58ac7c650ee,USER9457,969.42,gaming,2026-03-25 10:17:34.793358,Hyderabad,False,10,Wednesday,1,6.877728967475164,low,1,969.42,,999999.0,0,25,LOW
e6ac39e2-6ad1-4114-914e-4e023c4ceee4,USER9465,3398.56,gaming,2026-04-10 18:03:34.795687,Kolkata,False,18,Friday,1,8.131401290465122,medium,1,3398.56,,999999.0,0,25,LOW
598377b0-b757-4977-9066-15e1efa030d0,USER9487,3934.37,restaurant,2026-04-06 23:18:34.793561,Hyderabad,False,23,Monday,0,8.277760184385409,medium,1,3934.37,,999999.0,0,0,LOW
eba4a833-90ad-4700-83b8-49e267337d22,USER9517,1430.8,travel,2026-03-24 17:21:34.792796,Unknown,False,17,Tuesday,0,7.266687672962084,medium,1,1430.8,,999999.0,0,20,LOW
4f03e0d9-0901-4a12-be2d-f63ce0d0167a,USER9529,1164.18,restaurant,2026-03-20 15:54:34.790966,Bangalore,False,15,Friday,0,7.060630860502679,medium,1,1164.18,,999999.0,0,0,LOW
5dda6724-f05f-4c7f-8acd-4a0766b74c9f,USER9548,72143.91,electronics,2026-03-22 02:35:34.799270,Unknown,True,2,Sunday,1,11.18643201424288,very_high,1,72143.91,,999999.0,0,45,MEDIUM
571cfabb-f28a-4613-a561-1d2a245cdf33,USER9565,192.01,electronics,2026-04-10 03:17:34.786639,Bangalore,False,3,Friday,1,5.262742001034116,low,1,192.01,,999999.0,0,25,LOW
3cf7100b-4df2-464a-b67b-5e3dfcc40517,USER9566,1909.97,grocery,2026-03-26 05:18:34.787798,Pune,False,5,Thursday,0,7.555366245529922,medium,1,1909.97,,999999.0,0,0,LOW
415d6204-f999-4302-a2be-2f0a894b0035,USER9566,412.95,fashion,2026-04-14 04:28:34.790399,Chennai,False,4,Tuesday,0,6.025745193584815,low,2,2322.92,2026-03-26 05:18:34.787798,27310.00004335,0,0,LOW
298f4419-bab9-4867-8b8b-a806c3172dc9,USER9610,1371.53,fashion,2026-04-04 06:34:34.787696,Bangalore,False,6,Saturday,0,7.224411031068302,medium,1,1371.53,,999999.0,0,0,LOW
5430cbe4-9af2-4a13-b921-fbb9390035b8,USER9612,1532.17,crypto,2026-04-19 06:42:34.793174,Delhi,False,6,Sunday,1,7.3350927663961025,medium,1,1532.17,,999999.0,0,25,LOW
f7c901b2-1cab-48b3-825b-c010c05f3b6e,USER9615,196209.69,crypto,2026-04-12 17:59:34.798483,Unknown,True,17,Sunday,1,12.1869443098483,very_high,1,196209.69,,999999.0,0,85,HIGH
83753e44-78b1-4333-9c19-7264bbdca68c,USER9621,151266.03,crypto,2026-05-10 09:30:34.799374,Unknown,True,9,Sunday,1,11.926801964596065,very_high,1,151266.03,,999999.0,0,85,HIGH
34d622c5-470f-4137-a6d3-87918ee7642d,USER9625,3308.08,gaming,2026-03-31 13:36:34.796952,Hyderabad,False,13,Tuesday,1,8.10442548411773,medium,1,3308.08,,999999.0,0,25,LOW
eec48c43-e69f-45f6-bdd1-8ebe5dc3e083,USER9632,3663.81,restaurant,2026-03-31 19:30:34.797021,Chennai,False,19,Tuesday,0,8.206531771230674,medium,1,3663.81,,999999.0,0,0,LOW
fe997985-e814-46f5-a5a9-370fb44cc38d,USER9634,2642.38,travel,2026-03-13 18:01:34.795219,Unknown,False,18,Friday,0,7.879813680281616,medium,1,2642.38,,999999.0,0,20,LOW
2a3acee2-07ac-48d8-9a67-31e153472d93,USER9636,1955.84,healthcare,2026-03-12 04:17:34.791885,Delhi,False,4,Thursday,0,7.579086206261186,medium,1,1955.84,,999999.0,0,0,LOW
4749c7c2-7caa-4733-8df5-d9f7a69822db,USER9638,2338.76,electronics,2026-03-08 00:10:34.796190,Chennai,False,0,Sunday,1,7.757803638989126,medium,1,2338.76,,999999.0,0,25,LOW
f58f55df-e53e-4b12-b19c-08c5997fe89f,USER9639,4689.5,healthcare,2026-04-12 15:46:34.791516,Pune,False,15,Sunday,0,8.453294465566005,medium,1,4689.5,,999999.0,0,0,LOW
789e70ef-ae6d-4205-a275-777aec8c4cf5,USER9640,2320.3,crypto,2026-03-07 09:40:34.796991,Mumbai,False,9,Saturday,1,7.749882652553401,medium,1,2320.3,,999999.0,0,25,LOW
8e18302c-f355-4161-8926-b61585887167,USER9640,120303.87,crypto,2026-03-19 15:10:34.798977,Unknown,True,15,Thursday,1,11.697784383271404,very_high,2,122624.17,2026-03-07 09:40:34.796991,17610.0000331,0,85,HIGH
73e4e8cb-3ea2-4b45-a6fa-8150b6135d09,USER9640,4749.38,travel,2026-04-22 20:23:34.787255,Kolkata,False,20,Wednesday,0,8.465979893828857,medium,3,127373.55,2026-03-19 15:10:34.798977,49272.999804633335,0,0,LOW
fbe6dffd-6a53-49f9-b48f-0410ca86f60d,USER9648,1561.07,restaurant,2026-03-25 14:38:34.793146,Delhi,False,14,Wednesday,0,7.353767143736087,medium,1,1561.07,,999999.0,0,0,LOW
4536a2f7-9096-4767-b91c-358a80f80353,USER9652,3693.31,healthcare,2026-03-27 18:49:34.794092,Unknown,False,18,Friday,0,8.21454907710817,medium,1,3693.31,,999999.0,0,20,LOW
75d4f770-cf58-426a-b676-dae81e90874b,USER9656,1417.71,gaming,2026-05-08 23:28:34.793028,Bangalore,False,23,Friday,1,7.25750328699966,medium,1,1417.71,,999999.0,0,25,LOW
7733f58c-e6e3-4a09-a41b-3512e10b37f0,USER9672,1223.95,gaming,2026-05-11 12:14:34.789473,Delhi,False,12,Monday,1,7.110655305819288,medium,1,1223.95,,999999.0,0,25,LOW
c0d789de-953c-4151-b1d6-35afe67bc0c1,USER9692,832.8,restaurant,2026-04-14 12:01:34.792724,Hyderabad,False,12,Tuesday,0,6.7259935654466965,low,1,832.8,,999999.0,0,0,LOW
e96a175c-8f5b-4934-b94b-654c8eea1607,USER9698,3018.65,fashion,2026-05-08 09:20:34.793922,Kolkata,False,9,Friday,0,8.012896209612947,medium,1,3018.65,,999999.0,0,0,LOW
6c8ae568-d5b0-4ba7-a502-bf03efe7ddc5,USER9699,1276.76,travel,2026-03-26 06:24:34.796717,Bangalore,False,6,Thursday,0,7.152863823874856,medium,1,1276.76,,999999.0,0,0,LOW
f9a1b8d4-1780-4d1b-b38c-7c2ec580cc22,USER9706,206.19,healthcare,2026-04-18 23:35:34.795134,Hyderabad,False,23,Saturday,0,5.333636246672391,low,1,206.19,,999999.0,0,0,LOW
a6288fa1-2092-4447-a233-7ae093781a56,USER9706,2847.42,healthcare,2026-04-19 18:05:34.795676,Bangalore,False,18,Sunday,0,7.954519733569065,medium,2,3053.61,2026-04-18 23:35:34.795134,1110.0000090333333,0,0,LOW
e2540fe0-a5f9-4b33-84f7-b6ade6b3a9c5,USER9712,3442.84,grocery,2026-04-30 00:50:34.789128,Delhi,False,0,Thursday,0,8.144342406861,medium,1,3442.84,,999999.0,0,0,LOW
6cfc6d60-fcfc-4955-9fa9-56041aa5a2ae,USER9728,1823.85,gaming,2026-03-18 13:47:34.788335,Unknown,False,13,Wednesday,1,7.509253070857841,medium,1,1823.85,,999999.0,0,45,MEDIUM
90a5b9c5-5f4c-493e-9376-6f45394b01ce,USER9744,3259.52,grocery,2026-04-03 17:58:34.793275,Unknown,False,17,Friday,0,8.089641970842967,medium,1,3259.52,,999999.0,0,20,LOW
3f5a0648-25e2-4c50-beda-782cc03540cf,USER9747,2996.07,crypto,2026-03-06 19:31:34.789756,Hyderabad,False,19,Friday,1,8.005390423733923,medium,1,2996.07,,999999.0,0,25,LOW
f9ab6d5d-5839-4bba-b73c-43b496122d71,USER9754,2590.39,restaurant,2026-04-24 11:29:34.793776,Kolkata,False,11,Friday,0,7.859949690269305,medium,1,2590.39,,999999.0,0,0,LOW
7f69f1a3-367c-468b-a509-33502e4e6126,USER9758,1697.81,travel,2026-03-27 09:59:34.794940,Chennai,False,9,Friday,0,7.437683284929914,medium,1,1697.81,,999999.0,0,0,LOW
23b1fa54-3670-425a-b618-68e7eb9d8bf5,USER9758,3972.58,crypto,2026-04-28 12:42:34.786896,Hyderabad,False,12,Tuesday,1,8.287422730561227,medium,2,5670.389999999999,2026-03-27 09:59:34.794940,46242.999865933336,0,25,LOW
2cac67da-0e47-4c9f-b459-3d538aff1174,USER9764,1135.23,crypto,2026-04-11 16:21:34.795650,Hyderabad,False,16,Saturday,1,7.0354710435766,medium,1,1135.23,,999999.0,0,25,LOW
66ace03d-ee0a-42b6-8d82-17622d047082,USER9772,2244.54,fashion,2026-03-15 12:42:34.791413,Hyderabad,False,12,Sunday,0,7.716701305773723,medium,1,2244.54,,999999.0,0,0,LOW
e1c0053f-12f1-472d-af8b-3de9b10dddf8,USER9776,188567.01,electronics,2026-05-03 11:00:34.800389,Unknown,True,11,Sunday,1,12.147214016555033,very_high,1,188567.01,,999999.0,0,85,HIGH
fee27f2d-0cfc-47be-8674-42292cdfc15b,USER9778,2116.15,restaurant,2026-04-26 03:13:34.796397,Unknown,False,3,Sunday,0,7.657826123608237,medium,1,2116.15,,999999.0,0,20,LOW
ab9fa2f5-835c-49c6-8ee1-bfef4b2c2d7a,USER9797,1347.43,gaming,2026-03-19 06:06:34.789979,Chennai,False,6,Thursday,1,7.206696231703332,medium,1,1347.43,,999999.0,0,25,LOW
e22d43c1-3502-41fd-b582-76533b6e48e0,USER9797,1969.56,restaurant,2026-05-03 09:40:34.796285,Kolkata,False,9,Sunday,0,7.58607304529608,medium,2,3316.99,2026-03-19 06:06:34.789979,65014.0001051,0,0,LOW
00a27674-7264-4023-972f-068853ca412f,USER9804,1374.7,fashion,2026-04-23 16:48:34.786414,Mumbai,False,16,Thursday,0,7.22671797146695,medium,1,1374.7,,999999.0,0,0,LOW
ffe1ec84-b594-4b09-864c-0c2ee6e1bb74,USER9821,2985.11,travel,2026-03-09 23:20:34.786995,Pune,False,23,Monday,0,8.001726816000652,medium,1,2985.11,,999999.0,0,0,LOW
0bf9d7ce-6637-4a57-b4bc-c8f2e0148766,USER9845,3765.39,healthcare,2026-04-22 08:42:34.789284,Mumbai,False,8,Wednesday,0,8.233872262007207,medium,1,3765.39,,999999.0,0,0,LOW
ce0a1d4c-fe31-4bd4-9533-b430bc2c2b90,USER9847,1725.56,restaurant,2026-03-07 14:48:34.789557,Bangalore,False,14,Saturday,0,7.453886268615423,medium,1,1725.56,,999999.0,0,0,LOW
18f01553-8c9f-4284-a683-2e57f3a2b4db,USER9855,169214.56,crypto,2026-05-07 06:49:34.800621,Unknown,True,6,Thursday,1,12.03892868410094,very_high,1,169214.56,,999999.0,0,85,HIGH
88145601-c0fd-41cd-bfb7-ac8477792331,USER9856,1345.6,crypto,2026-04-07 11:31:34.795514,Bangalore,False,11,Tuesday,1,7.20533817611118,medium,1,1345.6,,999999.0,0,25,LOW
587006f4-fc51-479a-95a8-11ba5070ea8f,USER9859,1597.48,healthcare,2026-05-08 09:06:34.796585,Kolkata,False,9,Friday,0,7.376808456691877,medium,1,1597.48,,999999.0,0,0,LOW
eaefe1b1-1e2d-4c17-bff6-c3ac79dca703,USER9869,2124.06,grocery,2026-04-07 05:34:34.790977,Hyderabad,False,5,Tuesday,0,7.661555316254026,medium,1,2124.06,,999999.0,0,0,LOW
aa5903bd-d811-484e-b18c-299c853422dd,USER9878,1304.62,healthcare,2026-03-14 18:45:34.789140,Kolkata,False,18,Saturday,0,7.174433302719964,medium,1,1304.62,,999999.0,0,0,LOW
1154052d-08cb-42b2-a275-843efca1b6bf,USER9883,2040.36,gaming,2026-05-08 19:16:34.786945,Kolkata,False,19,Friday,1,7.621371531381422,medium,1,2040.36,,999999.0,0,25,LOW
616b6df1-2419-46ae-89f1-44c31da74740,USER9884,744.61,healthcare,2026-05-08 23:17:34.787425,Delhi,False,23,Friday,0,6.614202675298609,low,1,744.61,,999999.0,0,0,LOW
9df1f3d8-d522-40bf-b291-f873a9628be8,USER9892,1469.31,restaurant,2026-05-13 09:49:34.796334,Unknown,False,9,Wednesday,0,7.293228541893543,medium,1,1469.31,,999999.0,0,20,LOW
c9a93ee8-7621-47d1-8a78-ba4a063d53d7,USER9895,227.23,restaurant,2026-04-01 21:50:34.794357,Mumbai,False,21,Wednesday,0,5.430353892415786,low,1,227.23,,999999.0,0,0,LOW
5d330cb9-193d-4a54-b3b6-9b0a9be270c3,USER9900,161206.53,crypto,2026-04-11 14:01:34.799165,Unknown,True,14,Saturday,1,11.990447820122496,very_high,1,161206.53,,999999.0,0,85,HIGH
397c1696-6b38-450d-91d8-fb306797d8b1,USER9905,3906.1,fashion,2026-03-29 17:11:34.788038,Mumbai,False,17,Sunday,0,8.270550689813266,medium,1,3906.1,,999999.0,0,0,LOW
6cc14ce4-d1ef-48b9-a8e5-b9a604f0a01d,USER9916,585.47,restaurant,2026-04-23 11:22:34.795380,Bangalore,False,11,Thursday,0,6.374121515890138,low,1,585.47,,999999.0,0,0,LOW
4648e898-d917-4f2a-88c8-f7169148e70c,USER9946,909.25,grocery,2026-04-12 11:53:34.793687,Mumbai,False,11,Sunday,0,6.813719287055543,low,1,909.25,,999999.0,0,0,LOW
664ca101-3649-4229-97cc-bf81356cac6b,USER9955,1961.02,restaurant,2026-03-08 20:15:34.792559,Chennai,False,20,Sunday,0,7.581729833753272,medium,1,1961.02,,999999.0,0,0,LOW
3903f419-b118-4104-9ce2-6ee4a71de087,USER9956,127908.03,gaming,2026-03-17 21:51:34.799431,Unknown,True,21,Tuesday,1,11.759074587107566,very_high,1,127908.03,,999999.0,0,85,HIGH
cf2c181a-cdd0-4551-9354-abd924f1a0c6,USER9961,160253.14,electronics,2026-04-24 11:38:34.797479,Unknown,True,11,Friday,1,11.984516209082594,very_high,1,160253.14,,999999.0,0,85,HIGH
c29c5600-805f-4a56-890a-041fd70e7e21,USER9966,2309.07,crypto,2026-04-09 09:18:34.795460,Delhi,False,9,Thursday,1,7.745033106087015,medium,1,2309.07,,999999.0,0,25,LOW
6074969a-6bc9-4edb-9a51-93bc847e9bd6,USER9976,458.64,healthcare,2026-03-16 00:28:34.788310,Mumbai,False,0,Monday,0,6.1304435743894325,low,1,458.64,,999999.0,0,0,LOW
18d03d7f-eb63-4229-bcc7-c2751d9bfd5e,USER9979,161051.37,electronics,2026-03-07 19:41:34.798572,Unknown,True,19,Saturday,1,11.989484870577796,very_high,1,161051.37,,999999.0,0,85,HIGH
